college_id,tnea_code,college_name,city,branch,branch_code,intake,autonomous,hostel,transport,category_allowed
1,0001,University Departments of Anna University,Chennai,BIOTECH,BY,60,Yes,Yes,No,OC/BC/MBC/SC/ST
2,0001,University Departments of Anna University,Chennai,CIVIL,CE,60,Yes,Yes,No,OC/BC/MBC/SC/ST
3,0001,University Departments of Anna University,Chennai,CSE,CS,60,Yes,Yes,No,OC/BC/MBC/SC/ST
4,0001,University Departments of Anna University,Chennai,CS(DIPLOMA),XC,30,Yes,Yes,No,OC/BC/MBC/SC/ST
5,0001,University Departments of Anna University,Chennai,CHEM,CM,120,Yes,Yes,No,OC/BC/MBC/SC/ST
6,0001,University Departments of Anna University,Chennai,ECE,EC,60,Yes,Yes,No,OC/BC/MBC/SC/ST
7,0001,University Departments of Anna University,Chennai,EEE,EE,60,Yes,Yes,No,OC/BC/MBC/SC/ST
8,0001,University Departments of Anna University,Chennai,ENGINEERING,EM,60,Yes,Yes,No,OC/BC/MBC/SC/ST
9,0001,University Departments of Anna University,Chennai,GEOINFORMATICS,GI,40,Yes,Yes,No,OC/BC/MBC/SC/ST
10,0001,University Departments of Anna University,Chennai,INDUSTRIAL,IE,40,Yes,Yes,No,OC/BC/MBC/SC/ST
11,0001,University Departments of Anna University,Chennai,INDUSTRIAL,IM,120,Yes,Yes,No,OC/BC/MBC/SC/ST
12,0001,University Departments of Anna University,Chennai,MATHEMATICS,MA,30,Yes,Yes,No,OC/BC/MBC/SC/ST
13,0001,University Departments of Anna University,Chennai,MINING,MI,30,Yes,Yes,No,OC/BC/MBC/SC/ST
14,0001,University Departments of Anna University,Chennai,MINING,MN,60,Yes,Yes,No,OC/BC/MBC/SC/ST
15,0001,University Departments of Anna University,Chennai,ME(DIPLOMA),XM,30,Yes,Yes,No,OC/BC/MBC/SC/ST
16,0001,University Departments of Anna University,Chennai,MECH,ME,120,Yes,Yes,No,OC/BC/MBC/SC/ST
17,0001,University Departments of Anna University,Chennai,PRINTING,PT,40,Yes,Yes,No,OC/BC/MBC/SC/ST
18,0002,University Departments of Anna University,Chennai,APPLIED,AP,30,Yes,Yes,No,OC/BC/MBC/SC/ST
19,0002,University Departments of Anna University,Chennai,CHEM,CH,60,Yes,Yes,No,OC/BC/MBC/SC/ST
20,0002,University Departments of Anna University,Chennai,CHEM,CL,60,Yes,Yes,No,OC/BC/MBC/SC/ST
21,0002,University Departments of Anna University,Chennai,CHEM,CR,60,Yes,Yes,No,OC/BC/MBC/SC/ST
22,0002,University Departments of Anna University,Chennai,BIOTECH,IB,40,Yes,Yes,No,OC/BC/MBC/SC/ST
23,0002,University Departments of Anna University,Chennai,INFOSEC,IS,20,Yes,Yes,No,OC/BC/MBC/SC/ST
24,0002,University Departments of Anna University,Chennai,LEATHER,LE,60,Yes,Yes,No,OC/BC/MBC/SC/ST
25,0002,University Departments of Anna University,Chennai,POLYMER,PM,60,Yes,Yes,No,OC/BC/MBC/SC/ST
26,0002,University Departments of Anna University,Chennai,PRODUCTION,PP,60,Yes,Yes,No,OC/BC/MBC/SC/ST
27,0002,University Departments of Anna University,Chennai,TEXTILE,TX,60,Yes,Yes,No,OC/BC/MBC/SC/ST
28,0002,University Departments of Anna University,Chennai,FOODTECH,FS,40,Yes,Yes,No,OC/BC/MBC/SC/ST
29,0003,University Departments of Anna University,Chennai,ARCH,AR,80,Yes,Yes,No,OC/BC/MBC/SC/ST
30,0004,University Departments of Anna University,Chennai,AERO,AE,60,Yes,Yes,No,OC/BC/MBC/SC/ST
31,0004,University Departments of Anna University,Chennai,AUTO,AU,60,Yes,Yes,No,OC/BC/MBC/SC/ST
32,0004,University Departments of Anna University,Chennai,ECE,EC,60,Yes,Yes,No,OC/BC/MBC/SC/ST
33,0004,University Departments of Anna University,Chennai,ENGINEERING,EM,60,Yes,Yes,No,OC/BC/MBC/SC/ST
34,0004,University Departments of Anna University,Chennai,CSE,CS,60,Yes,Yes,No,OC/BC/MBC/SC/ST
35,0004,University Departments of Anna University,Chennai,CHEM,CM,60,Yes,Yes,No,OC/BC/MBC/SC/ST
36,0004,University Departments of Anna University,Chennai,MF,MF,60,Yes,Yes,No,OC/BC/MBC/SC/ST
37,0004,University Departments of Anna University,Chennai,PR,PR,60,Yes,Yes,No,OC/BC/MBC/SC/ST
38,0004,University Departments of Anna University,Chennai,RP,RP,60,Yes,Yes,No,OC/BC/MBC/SC/ST
39,0004,University Departments of Anna University,Chennai,EIE,EI,60,Yes,Yes,No,OC/BC/MBC/SC/ST
40,0004,University Departments of Anna University,Chennai,INDUSTRIAL,IM,120,Yes,Yes,No,OC/BC/MBC/SC/ST
41,0005,Annamalai University Faculty of Engineering and Technology,Chennai,AUTOMOBILE,AM,60,Yes,Yes,No,OC/BC/MBC/SC/ST
42,0005,Annamalai University Faculty of Engineering and Technology,Chennai,CSE,CS,120,Yes,Yes,No,OC/BC/MBC/SC/ST
43,0005,Annamalai University Faculty of Engineering and Technology,Chennai,CIVIL,CE,60,Yes,Yes,No,OC/BC/MBC/SC/ST
44,0005,Annamalai University Faculty of Engineering and Technology,Chennai,CIVIL,CZ,60,Yes,Yes,No,OC/BC/MBC/SC/ST
45,0005,Annamalai University Faculty of Engineering and Technology,Chennai,ECE,EC,60,Yes,Yes,No,OC/BC/MBC/SC/ST
46,0005,Annamalai University Faculty of Engineering and Technology,Chennai,EEE,EE,120,Yes,Yes,No,OC/BC/MBC/SC/ST
47,0005,Annamalai University Faculty of Engineering and Technology,Chennai,EIE,EI,60,Yes,Yes,No,OC/BC/MBC/SC/ST
48,0005,Annamalai University Faculty of Engineering and Technology,Chennai,MECH,ME,120,Yes,Yes,No,OC/BC/MBC/SC/ST
49,0005,Annamalai University Faculty of Engineering and Technology,Chennai,MM,MM,60,Yes,Yes,No,OC/BC/MBC/SC/ST
50,0005,Annamalai University Faculty of Engineering and Technology,Chennai,CHEM,CH,120,Yes,Yes,No,OC/BC/MBC/SC/ST
51,0005,Annamalai University Faculty of Engineering and Technology,Chennai,IT,IT,120,Yes,Yes,No,OC/BC/MBC/SC/ST
52,0005,Annamalai University Faculty of Engineering and Technology,Chennai,BD,BD,60,Yes,Yes,No,OC/BC/MBC/SC/ST
53,1013,University College of Engineering,Chengalpattu,CSE,CS,60,Yes,Yes,No,OC/BC/MBC/SC/ST
54,1013,University College of Engineering,Chengalpattu,ECE,EC,60,Yes,Yes,No,OC/BC/MBC/SC/ST
55,1013,University College of Engineering,Chengalpattu,IT,IT,60,Yes,Yes,No,OC/BC/MBC/SC/ST
56,1013,University College of Engineering,Chengalpattu,MECH,ME,60,Yes,Yes,No,OC/BC/MBC/SC/ST
57,1013,University College of Engineering,Chengalpattu,ME(DIPLOMA),XM,60,Yes,Yes,No,OC/BC/MBC/SC/ST
58,1014,University College of Engineering,Cuddalore,CIVIL,CE,60,Yes,Yes,No,OC/BC/MBC/SC/ST
59,1014,University College of Engineering,Cuddalore,CS(DIPLOMA),XC,60,Yes,Yes,No,OC/BC/MBC/SC/ST
60,1014,University College of Engineering,Cuddalore,CSE,CS,60,Yes,Yes,No,OC/BC/MBC/SC/ST
61,1014,University College of Engineering,Cuddalore,ECE,EC,60,Yes,Yes,No,OC/BC/MBC/SC/ST
62,1014,University College of Engineering,Cuddalore,IT,IT,60,Yes,Yes,No,OC/BC/MBC/SC/ST
63,1015,University College of Engineering,Viluppuram,CSE,CS,60,No,Yes,No,OC/BC/MBC/SC/ST
64,1015,University College of Engineering,Viluppuram,ECE,EC,60,No,Yes,No,OC/BC/MBC/SC/ST
65,1015,University College of Engineering,Viluppuram,EEE,EE,60,No,Yes,No,OC/BC/MBC/SC/ST
66,1015,University College of Engineering,Viluppuram,MECH,ME,60,No,Yes,No,OC/BC/MBC/SC/ST
67,1015,University College of Engineering,Viluppuram,ME(DIPLOMA),XM,60,No,Yes,No,OC/BC/MBC/SC/ST
68,1026,University College of Engineering,Viluppuram,MECH,ME,60,No,Yes,No,OC/BC/MBC/SC/ST
69,1026,University College of Engineering,Viluppuram,CSE,CS,60,No,Yes,No,OC/BC/MBC/SC/ST
70,1026,University College of Engineering,Viluppuram,EEE,EE,60,No,Yes,No,OC/BC/MBC/SC/ST
71,1026,University College of Engineering,Viluppuram,ECE,EC,60,No,Yes,No,OC/BC/MBC/SC/ST
72,1101,Aalim Muhammed Salegh College of Engineering,Tiruvannamalai,CIVIL,CE,60,No,Yes,Yes,OC/BC/MBC/SC/ST
73,1101,Aalim Muhammed Salegh College of Engineering,Tiruvannamalai,CSE,CS,120,No,Yes,Yes,OC/BC/MBC/SC/ST
74,1101,Aalim Muhammed Salegh College of Engineering,Tiruvannamalai,ECE,EC,60,No,Yes,Yes,OC/BC/MBC/SC/ST
75,1101,Aalim Muhammed Salegh College of Engineering,Tiruvannamalai,EEE,EE,60,No,Yes,Yes,OC/BC/MBC/SC/ST
76,1101,Aalim Muhammed Salegh College of Engineering,Tiruvannamalai,MECH,ME,60,No,Yes,Yes,OC/BC/MBC/SC/ST
77,1101,Aalim Muhammed Salegh College of Engineering,Tiruvannamalai,IT,IT,60,No,Yes,Yes,OC/BC/MBC/SC/ST
78,1106,Jaya Engineering College,Kanchipuram,AERO,AE,60,No,Yes,Yes,OC/BC/MBC/SC/ST
79,1106,Jaya Engineering College,Kanchipuram,CIVIL,CE,60,No,Yes,Yes,OC/BC/MBC/SC/ST
80,1106,Jaya Engineering College,Kanchipuram,CSE,CS,120,No,Yes,Yes,OC/BC/MBC/SC/ST
81,1106,Jaya Engineering College,Kanchipuram,EEE,EE,60,No,Yes,Yes,OC/BC/MBC/SC/ST
82,1106,Jaya Engineering College,Kanchipuram,ECE,EC,120,No,Yes,Yes,OC/BC/MBC/SC/ST
83,1106,Jaya Engineering College,Kanchipuram,EIE,EI,60,No,Yes,Yes,OC/BC/MBC/SC/ST
84,1106,Jaya Engineering College,Kanchipuram,MECH,ME,60,No,Yes,Yes,OC/BC/MBC/SC/ST
85,1106,Jaya Engineering College,Kanchipuram,IT,IT,120,No,Yes,Yes,OC/BC/MBC/SC/ST
86,1106,Jaya Engineering College,Kanchipuram,TEXTILE,TX,40,No,Yes,Yes,OC/BC/MBC/SC/ST
87,1107,Jaya Institute of Technology,Tiruvallur,FASHION,FD,60,No,Yes,Yes,OC/BC/MBC/SC/ST
88,1107,Jaya Institute of Technology,Tiruvallur,ECE,EC,30,No,Yes,Yes,OC/BC/MBC/SC/ST
89,1107,Jaya Institute of Technology,Tiruvallur,EEE,EE,30,No,Yes,Yes,OC/BC/MBC/SC/ST
90,1107,Jaya Institute of Technology,Tiruvallur,MECH,ME,30,No,Yes,Yes,OC/BC/MBC/SC/ST
91,1110,Prathyusha Engineering college,Tiruvallur,AI&DS,AD,60,No,Yes,Yes,OC/BC/MBC/SC/ST
92,1110,Prathyusha Engineering college,Tiruvallur,BIOTECH,BT,60,No,Yes,Yes,OC/BC/MBC/SC/ST
93,1110,Prathyusha Engineering college,Tiruvallur,CSE,CS,120,No,Yes,Yes,OC/BC/MBC/SC/ST
94,1110,Prathyusha Engineering college,Tiruvallur,ECE,EC,60,No,Yes,Yes,OC/BC/MBC/SC/ST
95,1110,Prathyusha Engineering college,Tiruvallur,EEE,EE,30,No,Yes,Yes,OC/BC/MBC/SC/ST
96,1110,Prathyusha Engineering college,Tiruvallur,IT,IT,60,No,Yes,Yes,OC/BC/MBC/SC/ST
97,1110,Prathyusha Engineering college,Tiruvallur,MECHATRONICS,MC,30,No,Yes,Yes,OC/BC/MBC/SC/ST
98,1110,Prathyusha Engineering college,Tiruvallur,MECH,ME,30,No,Yes,Yes,OC/BC/MBC/SC/ST
99,1115,Sri Ram Engineering College,Tiruvallur,AI&DS,AD,60,Yes,Yes,Yes,OC/BC/MBC/SC/ST
100,1115,Sri Ram Engineering College,Tiruvallur,CSE,CS,30,Yes,Yes,Yes,OC/BC/MBC/SC/ST
101,1115,Sri Ram Engineering College,Tiruvallur,EEE,EE,30,Yes,Yes,Yes,OC/BC/MBC/SC/ST
102,1115,Sri Ram Engineering College,Tiruvallur,ECE,EC,30,Yes,Yes,Yes,OC/BC/MBC/SC/ST
103,1115,Sri Ram Engineering College,Tiruvallur,MECH,ME,30,Yes,Yes,Yes,OC/BC/MBC/SC/ST
104,1115,Sri Ram Engineering College,Tiruvallur,CHEM,CH,30,Yes,Yes,Yes,OC/BC/MBC/SC/ST
105,1116,Sri Venkateswara College of Engineering and Technology,Tiruvallur,CIVIL,CE,60,Yes,Yes,Yes,OC/BC/MBC/SC/ST
106,1116,Sri Venkateswara College of Engineering and Technology,Tiruvallur,CSE,CS,60,Yes,Yes,Yes,OC/BC/MBC/SC/ST
107,1116,Sri Venkateswara College of Engineering and Technology,Tiruvallur,ECE,EC,90,Yes,Yes,Yes,OC/BC/MBC/SC/ST
108,1116,Sri Venkateswara College of Engineering and Technology,Tiruvallur,EEE,EE,60,Yes,Yes,Yes,OC/BC/MBC/SC/ST
109,1116,Sri Venkateswara College of Engineering and Technology,Tiruvallur,MECH,ME,120,Yes,Yes,Yes,OC/BC/MBC/SC/ST
110,1118,Vel Tech Multi Tech Dr. Rangarajan Dr. Sakunthala Engineering College (Autonomous),Tiruvallur,BIOMED,BM,60,No,Yes,Yes,OC/BC/MBC/SC/ST
111,1118,Vel Tech Multi Tech Dr. Rangarajan Dr. Sakunthala Engineering College (Autonomous),Tiruvallur,CSE,CS,120,No,Yes,Yes,OC/BC/MBC/SC/ST
112,1118,Vel Tech Multi Tech Dr. Rangarajan Dr. Sakunthala Engineering College (Autonomous),Tiruvallur,ECE,EC,120,No,Yes,Yes,OC/BC/MBC/SC/ST
113,1118,Vel Tech Multi Tech Dr. Rangarajan Dr. Sakunthala Engineering College (Autonomous),Tiruvallur,EEE,EE,60,No,Yes,Yes,OC/BC/MBC/SC/ST
114,1118,Vel Tech Multi Tech Dr. Rangarajan Dr. Sakunthala Engineering College (Autonomous),Tiruvallur,IT,IT,120,No,Yes,Yes,OC/BC/MBC/SC/ST
115,1118,Vel Tech Multi Tech Dr. Rangarajan Dr. Sakunthala Engineering College (Autonomous),Tiruvallur,MECH,ME,60,No,Yes,Yes,OC/BC/MBC/SC/ST
116,1118,Vel Tech Multi Tech Dr. Rangarajan Dr. Sakunthala Engineering College (Autonomous),Tiruvallur,AI&DS,AD,60,No,Yes,Yes,OC/BC/MBC/SC/ST
117,1118,Vel Tech Multi Tech Dr. Rangarajan Dr. Sakunthala Engineering College (Autonomous),Tiruvallur,CS&BUSINESS,CB,60,No,Yes,Yes,OC/BC/MBC/SC/ST
118,1120,Velammal Engineering College (Autonomous),Tiruvallur,AUTO,AU,30,No,Yes,Yes,OC/BC/MBC/SC/ST
119,1120,Velammal Engineering College (Autonomous),Tiruvallur,CSE,CS,180,No,Yes,Yes,OC/BC/MBC/SC/ST
120,1120,Velammal Engineering College (Autonomous),Tiruvallur,ECE,EC,180,No,Yes,Yes,OC/BC/MBC/SC/ST
121,1120,Velammal Engineering College (Autonomous),Tiruvallur,EIE,EI,30,No,Yes,Yes,OC/BC/MBC/SC/ST
122,1120,Velammal Engineering College (Autonomous),Tiruvallur,MECH,ME,120,No,Yes,Yes,OC/BC/MBC/SC/ST
123,1120,Velammal Engineering College (Autonomous),Tiruvallur,IT,IT,60,No,Yes,Yes,OC/BC/MBC/SC/ST
124,1120,Velammal Engineering College (Autonomous),Tiruvallur,AI&DS,AD,60,No,Yes,Yes,OC/BC/MBC/SC/ST
125,1120,Velammal Engineering College (Autonomous),Tiruvallur,CIVIL,CE,60,No,Yes,Yes,OC/BC/MBC/SC/ST
126,1120,Velammal Engineering College (Autonomous),Tiruvallur,EEE,EE,60,No,Yes,Yes,OC/BC/MBC/SC/ST
127,1122,Vel Tech High Tech Dr. Rangarajan Dr. Sakunthala Engineering College,Tiruvallur,BIOTECH,BT,60,Yes,Yes,Yes,OC/BC/MBC/SC/ST
128,1122,Vel Tech High Tech Dr. Rangarajan Dr. Sakunthala Engineering College,Tiruvallur,CHEM,CH,60,Yes,Yes,Yes,OC/BC/MBC/SC/ST
129,1122,Vel Tech High Tech Dr. Rangarajan Dr. Sakunthala Engineering College,Tiruvallur,ECE,EC,120,Yes,Yes,Yes,OC/BC/MBC/SC/ST
130,1122,Vel Tech High Tech Dr. Rangarajan Dr. Sakunthala Engineering College,Tiruvallur,IT,IT,60,Yes,Yes,Yes,OC/BC/MBC/SC/ST
131,1122,Vel Tech High Tech Dr. Rangarajan Dr. Sakunthala Engineering College,Tiruvallur,AI&DS,AD,60,Yes,Yes,Yes,OC/BC/MBC/SC/ST
132,1122,Vel Tech High Tech Dr. Rangarajan Dr. Sakunthala Engineering College,Tiruvallur,CSE,CS,120,Yes,Yes,Yes,OC/BC/MBC/SC/ST
133,1122,Vel Tech High Tech Dr. Rangarajan Dr. Sakunthala Engineering College,Tiruvallur,CIVIL,CE,60,Yes,Yes,Yes,OC/BC/MBC/SC/ST
134,1122,Vel Tech High Tech Dr. Rangarajan Dr. Sakunthala Engineering College,Tiruvallur,MECH,ME,60,Yes,Yes,Yes,OC/BC/MBC/SC/ST
135,1123,Gojan School of Business and Technology,Tiruvallur,AERO,AE,30,Yes,Yes,Yes,OC/BC/MBC/SC/ST
136,1123,Gojan School of Business and Technology,Tiruvallur,CSE,CS,60,Yes,Yes,Yes,OC/BC/MBC/SC/ST
137,1123,Gojan School of Business and Technology,Tiruvallur,ECE,EC,60,Yes,Yes,Yes,OC/BC/MBC/SC/ST
138,1123,Gojan School of Business and Technology,Tiruvallur,IT,IT,30,Yes,Yes,Yes,OC/BC/MBC/SC/ST
139,1124,SAMS College of Engineering and Technology,Tiruvallur,MR,MR,40,Yes,Yes,Yes,OC/BC/MBC/SC/ST
140,1124,SAMS College of Engineering and Technology,Tiruvallur,MECH,ME,60,Yes,Yes,Yes,OC/BC/MBC/SC/ST
141,1127,St. Peters College of Engineering and Technology,Tiruvallur,AERO,AE,30,No,Yes,Yes,OC/BC/MBC/SC/ST
142,1127,St. Peters College of Engineering and Technology,Tiruvallur,ARCH,AR,40,No,Yes,Yes,OC/BC/MBC/SC/ST
143,1127,St. Peters College of Engineering and Technology,Tiruvallur,BIOTECH,BT,60,No,Yes,Yes,OC/BC/MBC/SC/ST
144,1127,St. Peters College of Engineering and Technology,Tiruvallur,CIVIL,CE,30,No,Yes,Yes,OC/BC/MBC/SC/ST
145,1127,St. Peters College of Engineering and Technology,Tiruvallur,CHEM,CH,60,No,Yes,Yes,OC/BC/MBC/SC/ST
146,1127,St. Peters College of Engineering and Technology,Tiruvallur,CSE,CS,60,No,Yes,Yes,OC/BC/MBC/SC/ST
147,1127,St. Peters College of Engineering and Technology,Tiruvallur,ECE,EC,60,No,Yes,Yes,OC/BC/MBC/SC/ST
148,1127,St. Peters College of Engineering and Technology,Tiruvallur,EEE,EE,30,No,Yes,Yes,OC/BC/MBC/SC/ST
149,1127,St. Peters College of Engineering and Technology,Tiruvallur,IT,IT,30,No,Yes,Yes,OC/BC/MBC/SC/ST
150,1127,St. Peters College of Engineering and Technology,Tiruvallur,MECH,ME,60,No,Yes,Yes,OC/BC/MBC/SC/ST
151,1130,MARG Instiute of Design & Architecture Swarnabhoomi (MIDAS),Tiruvallur,ARCH,AR,120,Yes,Yes,Yes,OC/BC/MBC/SC/ST
152,1132,Rajalakshmi School of Architecture,Tiruvallur,ARCH,AR,60,Name,Yes,Yes,OC/BC/MBC/SC/ST
153,1133,Annai Veilankannis College of Engineering,Taluk,CIVIL,CE,30,No,Yes,Yes,OC/BC/MBC/SC/ST
154,1133,Annai Veilankannis College of Engineering,Taluk,MECH,ME,45,No,Yes,Yes,OC/BC/MBC/SC/ST
155,1133,Annai Veilankannis College of Engineering,Taluk,CSE,CS,60,No,Yes,Yes,OC/BC/MBC/SC/ST
156,1133,Annai Veilankannis College of Engineering,Taluk,ECE,EC,60,No,Yes,Yes,OC/BC/MBC/SC/ST
157,1135,Aalim Muhammed Salegh Academy of Architecture,Chengalpattu,ARCH,AR,80,No,Yes,Yes,OC/BC/MBC/SC/ST
158,1137,Annai Mira College of Engineering and Technology,Viluppuram,CIVIL,CE,60,No,Yes,Yes,OC/BC/MBC/SC/ST
159,1137,Annai Mira College of Engineering and Technology,Viluppuram,CSE,CS,60,No,Yes,Yes,OC/BC/MBC/SC/ST
160,1137,Annai Mira College of Engineering and Technology,Viluppuram,ECE,EC,60,No,Yes,Yes,OC/BC/MBC/SC/ST
161,1137,Annai Mira College of Engineering and Technology,Viluppuram,EEE,EE,60,No,Yes,Yes,OC/BC/MBC/SC/ST
162,1137,Annai Mira College of Engineering and Technology,Viluppuram,MECH,ME,120,No,Yes,Yes,OC/BC/MBC/SC/ST
163,1138,Davinci School of Design and Architecture,Tiruvallur,ARCH,AR,80,No,Yes,Yes,OC/BC/MBC/SC/ST
164,1140,Jeppiaar Institute of Technology,Ranipet,CSE,CS,60,No,Yes,Yes,OC/BC/MBC/SC/ST
165,1140,Jeppiaar Institute of Technology,Ranipet,ECE,EC,60,No,Yes,Yes,OC/BC/MBC/SC/ST
166,1140,Jeppiaar Institute of Technology,Ranipet,IT,IT,60,No,Yes,Yes,OC/BC/MBC/SC/ST
167,1140,Jeppiaar Institute of Technology,Ranipet,MECH,ME,60,No,Yes,Yes,OC/BC/MBC/SC/ST
168,1140,Jeppiaar Institute of Technology,Ranipet,AI&DS,AD,60,No,Yes,Yes,OC/BC/MBC/SC/ST
169,1145,Anand School of Architecture,Kanchipuram,ARCH,AR,40,No,Yes,Yes,OC/BC/MBC/SC/ST
170,1146,Misrimal Navajee Munoth Jain School of Architecture,Tiruvallur,ARCH,AR,40,No,Yes,Yes,OC/BC/MBC/SC/ST
171,1147,MMES ACADEMY OF ARCHITECTURE,Chengalpattu,ARCH,AR,30,No,Yes,Yes,OC/BC/MBC/SC/ST
172,1149,St. Joseph’s Institute of Technology,Chennai,AI&DS,AD,60,No,Yes,Yes,OC/BC/MBC/SC/ST
173,1149,St. Joseph’s Institute of Technology,Chennai,CSE,CS,180,No,Yes,Yes,OC/BC/MBC/SC/ST
174,1149,St. Joseph’s Institute of Technology,Chennai,ECE,EC,180,No,Yes,Yes,OC/BC/MBC/SC/ST
175,1149,St. Joseph’s Institute of Technology,Chennai,EEE,EE,60,No,Yes,Yes,OC/BC/MBC/SC/ST
176,1149,St. Joseph’s Institute of Technology,Chennai,IT,IT,120,No,Yes,Yes,OC/BC/MBC/SC/ST
177,1149,St. Joseph’s Institute of Technology,Chennai,MECH,ME,60,No,Yes,Yes,OC/BC/MBC/SC/ST
178,1150,Sri Jayaram Institute of Engineering and Technology,Ranipet,AGRI,AG,60,No,Yes,Yes,OC/BC/MBC/SC/ST
179,1150,Sri Jayaram Institute of Engineering and Technology,Ranipet,BIOMED,BM,60,No,Yes,Yes,OC/BC/MBC/SC/ST
180,1150,Sri Jayaram Institute of Engineering and Technology,Ranipet,FASHION,FD,60,No,Yes,Yes,OC/BC/MBC/SC/ST
181,1150,Sri Jayaram Institute of Engineering and Technology,Ranipet,MECH,ME,60,No,Yes,Yes,OC/BC/MBC/SC/ST
182,1150,Sri Jayaram Institute of Engineering and Technology,Ranipet,ECE,EC,60,No,Yes,Yes,OC/BC/MBC/SC/ST
183,1152,CAAD - Chennai Academy of Architecture and Design,Chengalpattu,ARCH,AR,80,No,Yes,Yes,OC/BC/MBC/SC/ST
184,1153,Jawahar School of Architecture Planning and Design,Tiruvallur,ARCH,AR,23,No,No,No,OC/BC/MBC/SC/ST
185,1202,D M I College of Engineering,Tiruvallur,CSE,CS,120,No,Yes,Yes,OC/BC/MBC/SC/ST
186,1202,D M I College of Engineering,Tiruvallur,ECE,EC,60,No,Yes,Yes,OC/BC/MBC/SC/ST
187,1202,D M I College of Engineering,Tiruvallur,EEE,EE,60,No,Yes,Yes,OC/BC/MBC/SC/ST
188,1202,D M I College of Engineering,Tiruvallur,MECH,ME,60,No,Yes,Yes,OC/BC/MBC/SC/ST
189,1202,D M I College of Engineering,Tiruvallur,IT,IT,60,No,Yes,Yes,OC/BC/MBC/SC/ST
190,1205,Lord Venkateshwara Engineering College,Pincode,CIVIL,CE,60,Hostel,Yes,Yes,OC/BC/MBC/SC/ST
191,1205,Lord Venkateshwara Engineering College,Pincode,MECH,ME,60,Hostel,Yes,Yes,OC/BC/MBC/SC/ST
192,1205,Lord Venkateshwara Engineering College,Pincode,CSE,CS,90,Hostel,Yes,Yes,OC/BC/MBC/SC/ST
193,1205,Lord Venkateshwara Engineering College,Pincode,ECE,EC,120,Hostel,Yes,Yes,OC/BC/MBC/SC/ST
194,1205,Lord Venkateshwara Engineering College,Pincode,EEE,EE,60,Hostel,Yes,Yes,OC/BC/MBC/SC/ST
195,1207,Kings Engineering College,Kanchipuram,AI&DS,AD,60,No,Yes,Yes,OC/BC/MBC/SC/ST
196,1207,Kings Engineering College,Kanchipuram,BIOMED,BM,60,No,Yes,Yes,OC/BC/MBC/SC/ST
197,1207,Kings Engineering College,Kanchipuram,CSE,CS,120,No,Yes,Yes,OC/BC/MBC/SC/ST
198,1207,Kings Engineering College,Kanchipuram,ECE,EC,90,No,Yes,Yes,OC/BC/MBC/SC/ST
199,1207,Kings Engineering College,Kanchipuram,IT,IT,120,No,Yes,Yes,OC/BC/MBC/SC/ST
200,1207,Kings Engineering College,Kanchipuram,MECH,ME,60,No,Yes,Yes,OC/BC/MBC/SC/ST
201,1207,Kings Engineering College,Kanchipuram,RUBBER,RM,30,No,Yes,Yes,OC/BC/MBC/SC/ST
202,1209,Pallavan College of Engineering,Kanchipuram,CIVIL,CE,60,No,Yes,Yes,OC/BC/MBC/SC/ST
203,1209,Pallavan College of Engineering,Kanchipuram,CSE,CS,120,No,Yes,Yes,OC/BC/MBC/SC/ST
204,1209,Pallavan College of Engineering,Kanchipuram,ECE,EC,120,No,Yes,Yes,OC/BC/MBC/SC/ST
205,1209,Pallavan College of Engineering,Kanchipuram,EEE,EE,60,No,Yes,Yes,OC/BC/MBC/SC/ST
206,1209,Pallavan College of Engineering,Kanchipuram,IT,IT,30,No,Yes,Yes,OC/BC/MBC/SC/ST
207,1209,Pallavan College of Engineering,Kanchipuram,MECH,ME,120,No,Yes,Yes,OC/BC/MBC/SC/ST
208,1210,Panimalar Engineering College,Kanchipuram,CSE,CS,300,No,Yes,Yes,OC/BC/MBC/SC/ST
209,1210,Panimalar Engineering College,Kanchipuram,IT,IT,180,No,Yes,Yes,OC/BC/MBC/SC/ST
210,1210,Panimalar Engineering College,Kanchipuram,ECE,EC,300,No,Yes,Yes,OC/BC/MBC/SC/ST
211,1210,Panimalar Engineering College,Kanchipuram,EEE,EE,180,No,Yes,Yes,OC/BC/MBC/SC/ST
212,1210,Panimalar Engineering College,Kanchipuram,MECH,ME,300,No,Yes,Yes,OC/BC/MBC/SC/ST
213,1210,Panimalar Engineering College,Kanchipuram,CIVIL,CE,60,No,Yes,Yes,OC/BC/MBC/SC/ST
214,1210,Panimalar Engineering College,Kanchipuram,AI&DS,AD,180,No,Yes,Yes,OC/BC/MBC/SC/ST
215,1210,Panimalar Engineering College,Kanchipuram,CS&BUSINESS,CB,120,No,Yes,Yes,OC/BC/MBC/SC/ST
216,1210,Panimalar Engineering College,Kanchipuram,CO,CO,60,No,Yes,Yes,OC/BC/MBC/SC/ST
217,1211,Rajalakshmi Engineering College (Autonomous),Kanchipuram,AERO,AE,60,No,Yes,Yes,OC/BC/MBC/SC/ST
218,1211,Rajalakshmi Engineering College (Autonomous),Kanchipuram,AUTO,AU,30,No,Yes,Yes,OC/BC/MBC/SC/ST
219,1211,Rajalakshmi Engineering College (Autonomous),Kanchipuram,BIOMED,BM,120,No,Yes,Yes,OC/BC/MBC/SC/ST
220,1211,Rajalakshmi Engineering College (Autonomous),Kanchipuram,BIOTECH,BT,180,No,Yes,Yes,OC/BC/MBC/SC/ST
221,1211,Rajalakshmi Engineering College (Autonomous),Kanchipuram,CHEM,CH,60,No,Yes,Yes,OC/BC/MBC/SC/ST
222,1211,Rajalakshmi Engineering College (Autonomous),Kanchipuram,CIVIL,CE,60,No,Yes,Yes,OC/BC/MBC/SC/ST
223,1211,Rajalakshmi Engineering College (Autonomous),Kanchipuram,CSE,CS,300,No,Yes,Yes,OC/BC/MBC/SC/ST
224,1211,Rajalakshmi Engineering College (Autonomous),Kanchipuram,CS&BUSINESS,CB,60,No,Yes,Yes,OC/BC/MBC/SC/ST
225,1211,Rajalakshmi Engineering College (Autonomous),Kanchipuram,ECE,EC,240,No,Yes,Yes,OC/BC/MBC/SC/ST
226,1211,Rajalakshmi Engineering College (Autonomous),Kanchipuram,EEE,EE,120,No,Yes,Yes,OC/BC/MBC/SC/ST
227,1211,Rajalakshmi Engineering College (Autonomous),Kanchipuram,FASHION,FD,60,No,Yes,Yes,OC/BC/MBC/SC/ST
228,1211,Rajalakshmi Engineering College (Autonomous),Kanchipuram,IT,IT,120,No,Yes,Yes,OC/BC/MBC/SC/ST
229,1211,Rajalakshmi Engineering College (Autonomous),Kanchipuram,MECH,ME,180,No,Yes,Yes,OC/BC/MBC/SC/ST
230,1211,Rajalakshmi Engineering College (Autonomous),Kanchipuram,MECHATRONICS,MC,60,No,Yes,Yes,OC/BC/MBC/SC/ST
231,1211,Rajalakshmi Engineering College (Autonomous),Kanchipuram,RUBBER,RM,60,No,Yes,Yes,OC/BC/MBC/SC/ST
232,1211,Rajalakshmi Engineering College (Autonomous),Kanchipuram,CD,CD,60,No,Yes,Yes,OC/BC/MBC/SC/ST
233,1211,Rajalakshmi Engineering College (Autonomous),Kanchipuram,AI,AL,120,No,Yes,Yes,OC/BC/MBC/SC/ST
234,1212,Rajiv Gandhi College of Engineering,Tiruvallur,AUTO,AU,30,Yes,Yes,Yes,OC/BC/MBC/SC/ST
235,1212,Rajiv Gandhi College of Engineering,Tiruvallur,BIOMED,BM,60,Yes,Yes,Yes,OC/BC/MBC/SC/ST
236,1212,Rajiv Gandhi College of Engineering,Tiruvallur,CSE,CS,30,Yes,Yes,Yes,OC/BC/MBC/SC/ST
237,1212,Rajiv Gandhi College of Engineering,Tiruvallur,ECE,EC,30,Yes,Yes,Yes,OC/BC/MBC/SC/ST
238,1212,Rajiv Gandhi College of Engineering,Tiruvallur,EEE,EE,30,Yes,Yes,Yes,OC/BC/MBC/SC/ST
239,1212,Rajiv Gandhi College of Engineering,Tiruvallur,MECH,ME,60,Yes,Yes,Yes,OC/BC/MBC/SC/ST
240,1212,Rajiv Gandhi College of Engineering,Tiruvallur,PE,PE,30,Yes,Yes,Yes,OC/BC/MBC/SC/ST
241,1216,Saveetha Engineering College (Autonomous),Kanchipuram,AGRI,AG,60,Yes,Yes,Yes,OC/BC/MBC/SC/ST
242,1216,Saveetha Engineering College (Autonomous),Kanchipuram,BIOMED,BM,60,Yes,Yes,Yes,OC/BC/MBC/SC/ST
243,1216,Saveetha Engineering College (Autonomous),Kanchipuram,CIVIL,CE,60,Yes,Yes,Yes,OC/BC/MBC/SC/ST
244,1216,Saveetha Engineering College (Autonomous),Kanchipuram,CHEM,CH,60,Yes,Yes,Yes,OC/BC/MBC/SC/ST
245,1216,Saveetha Engineering College (Autonomous),Kanchipuram,CSE,CS,180,Yes,Yes,Yes,OC/BC/MBC/SC/ST
246,1216,Saveetha Engineering College (Autonomous),Kanchipuram,ECE,EC,300,Yes,Yes,Yes,OC/BC/MBC/SC/ST
247,1216,Saveetha Engineering College (Autonomous),Kanchipuram,EEE,EE,60,Yes,Yes,Yes,OC/BC/MBC/SC/ST
248,1216,Saveetha Engineering College (Autonomous),Kanchipuram,EIE,EI,60,Yes,Yes,Yes,OC/BC/MBC/SC/ST
249,1216,Saveetha Engineering College (Autonomous),Kanchipuram,IT,IT,60,Yes,Yes,Yes,OC/BC/MBC/SC/ST
250,1216,Saveetha Engineering College (Autonomous),Kanchipuram,MD,MD,60,Yes,Yes,Yes,OC/BC/MBC/SC/ST
251,1216,Saveetha Engineering College (Autonomous),Kanchipuram,MECH,ME,120,Yes,Yes,Yes,OC/BC/MBC/SC/ST
252,1216,Saveetha Engineering College (Autonomous),Kanchipuram,AI&DS,AD,120,Yes,Yes,Yes,OC/BC/MBC/SC/ST
253,1216,Saveetha Engineering College (Autonomous),Kanchipuram,AI,AL,60,Yes,Yes,Yes,OC/BC/MBC/SC/ST
254,1217,Sree Sastha Institute of Engineering and Technology,Kanchipuram,AUTO,AU,60,No,Yes,Yes,OC/BC/MBC/SC/ST
255,1217,Sree Sastha Institute of Engineering and Technology,Kanchipuram,CIVIL,CE,60,No,Yes,Yes,OC/BC/MBC/SC/ST
256,1217,Sree Sastha Institute of Engineering and Technology,Kanchipuram,CSE,CS,60,No,Yes,Yes,OC/BC/MBC/SC/ST
257,1217,Sree Sastha Institute of Engineering and Technology,Kanchipuram,ECE,EC,120,No,Yes,Yes,OC/BC/MBC/SC/ST
258,1217,Sree Sastha Institute of Engineering and Technology,Kanchipuram,EEE,EE,60,No,Yes,Yes,OC/BC/MBC/SC/ST
259,1217,Sree Sastha Institute of Engineering and Technology,Kanchipuram,MH,MH,60,No,Yes,Yes,OC/BC/MBC/SC/ST
260,1217,Sree Sastha Institute of Engineering and Technology,Kanchipuram,FASHION,FD,60,No,Yes,Yes,OC/BC/MBC/SC/ST
261,1217,Sree Sastha Institute of Engineering and Technology,Kanchipuram,BIOMED,BM,60,No,Yes,Yes,OC/BC/MBC/SC/ST
262,1217,Sree Sastha Institute of Engineering and Technology,Kanchipuram,MU,MU,60,No,Yes,Yes,OC/BC/MBC/SC/ST
263,1217,Sree Sastha Institute of Engineering and Technology,Kanchipuram,BIOTECH,BT,60,No,Yes,Yes,OC/BC/MBC/SC/ST
264,1217,Sree Sastha Institute of Engineering and Technology,Kanchipuram,AI&DS,AD,60,No,Yes,Yes,OC/BC/MBC/SC/ST
265,1218,Sri Muthukumaran Institute of Technology,Kanchipuram,CIVIL,CE,30,Yes,Yes,Yes,OC/BC/MBC/SC/ST
266,1218,Sri Muthukumaran Institute of Technology,Kanchipuram,CSE,CS,120,Yes,Yes,Yes,OC/BC/MBC/SC/ST
267,1218,Sri Muthukumaran Institute of Technology,Kanchipuram,ECE,EC,60,Yes,Yes,Yes,OC/BC/MBC/SC/ST
268,1218,Sri Muthukumaran Institute of Technology,Kanchipuram,EEE,EE,60,Yes,Yes,Yes,OC/BC/MBC/SC/ST
269,1218,Sri Muthukumaran Institute of Technology,Kanchipuram,MECH,ME,60,Yes,Yes,Yes,OC/BC/MBC/SC/ST
270,1218,Sri Muthukumaran Institute of Technology,Kanchipuram,IT,IT,60,Yes,Yes,Yes,OC/BC/MBC/SC/ST
271,1218,Sri Muthukumaran Institute of Technology,Kanchipuram,BIOMED,BM,60,Yes,Yes,Yes,OC/BC/MBC/SC/ST
272,1218,Sri Muthukumaran Institute of Technology,Kanchipuram,MECHATRONICS,MC,30,Yes,Yes,Yes,OC/BC/MBC/SC/ST
273,1218,Sri Muthukumaran Institute of Technology,Kanchipuram,RUBBER,RM,60,Yes,Yes,Yes,OC/BC/MBC/SC/ST
274,1218,Sri Muthukumaran Institute of Technology,Kanchipuram,PH,PH,30,Yes,Yes,Yes,OC/BC/MBC/SC/ST
275,1218,Sri Muthukumaran Institute of Technology,Kanchipuram,AI&DS,AD,60,Yes,Yes,Yes,OC/BC/MBC/SC/ST
276,1219,Sri Venkateswara College of Engineering (Autonomous),Tiruvallur,AI&DS,AD,60,No,Yes,Yes,OC/BC/MBC/SC/ST
277,1219,Sri Venkateswara College of Engineering (Autonomous),Tiruvallur,CIVIL,CE,30,No,Yes,Yes,OC/BC/MBC/SC/ST
278,1219,Sri Venkateswara College of Engineering (Autonomous),Tiruvallur,MR,MR,30,No,Yes,Yes,OC/BC/MBC/SC/ST
279,1219,Sri Venkateswara College of Engineering (Autonomous),Tiruvallur,CSE,CS,180,No,Yes,Yes,OC/BC/MBC/SC/ST
280,1219,Sri Venkateswara College of Engineering (Autonomous),Tiruvallur,BIOTECH,BT,60,No,Yes,Yes,OC/BC/MBC/SC/ST
281,1219,Sri Venkateswara College of Engineering (Autonomous),Tiruvallur,EEE,EE,120,No,Yes,Yes,OC/BC/MBC/SC/ST
282,1219,Sri Venkateswara College of Engineering (Autonomous),Tiruvallur,IT,IT,120,No,Yes,Yes,OC/BC/MBC/SC/ST
283,1219,Sri Venkateswara College of Engineering (Autonomous),Tiruvallur,AUTO,AU,30,No,Yes,Yes,OC/BC/MBC/SC/ST
284,1219,Sri Venkateswara College of Engineering (Autonomous),Tiruvallur,CHEM,CH,90,No,Yes,Yes,OC/BC/MBC/SC/ST
285,1219,Sri Venkateswara College of Engineering (Autonomous),Tiruvallur,ECE,EC,180,No,Yes,Yes,OC/BC/MBC/SC/ST
286,1219,Sri Venkateswara College of Engineering (Autonomous),Tiruvallur,MECH,ME,120,No,Yes,Yes,OC/BC/MBC/SC/ST
287,1221,Jaya College of Engineering and Technology,Kanchipuram,CSE,CS,30,No,Yes,Yes,OC/BC/MBC/SC/ST
288,1221,Jaya College of Engineering and Technology,Kanchipuram,ECE,EC,30,No,Yes,Yes,OC/BC/MBC/SC/ST
289,1221,Jaya College of Engineering and Technology,Kanchipuram,MECH,ME,60,No,Yes,Yes,OC/BC/MBC/SC/ST
290,1225,Loyola Institute of Technology,Tiruvallur,CSE,CS,60,No,Yes,Yes,OC/BC/MBC/SC/ST
291,1225,Loyola Institute of Technology,Tiruvallur,ECE,EC,60,No,Yes,Yes,OC/BC/MBC/SC/ST
292,1225,Loyola Institute of Technology,Tiruvallur,EEE,EE,60,No,Yes,Yes,OC/BC/MBC/SC/ST
293,1225,Loyola Institute of Technology,Tiruvallur,IT,IT,60,No,Yes,Yes,OC/BC/MBC/SC/ST
294,1225,Loyola Institute of Technology,Tiruvallur,MECH,ME,60,No,Yes,Yes,OC/BC/MBC/SC/ST
295,1228,Alpha College of Engineering,Kanchipuram,BIOMED,BM,60,No,Yes,Yes,OC/BC/MBC/SC/ST
296,1228,Alpha College of Engineering,Kanchipuram,ECE,EC,30,No,Yes,Yes,OC/BC/MBC/SC/ST
297,1228,Alpha College of Engineering,Kanchipuram,CSE,CS,60,No,Yes,Yes,OC/BC/MBC/SC/ST
298,1228,Alpha College of Engineering,Kanchipuram,MECH,ME,30,No,Yes,Yes,OC/BC/MBC/SC/ST
299,1229,Indira Institute of Engineering and Technology,Kanchipuram,CIVIL,CE,60,No,Yes,Yes,OC/BC/MBC/SC/ST
300,1229,Indira Institute of Engineering and Technology,Kanchipuram,CSE,CS,60,No,Yes,Yes,OC/BC/MBC/SC/ST
301,1229,Indira Institute of Engineering and Technology,Kanchipuram,EEE,EE,60,No,Yes,Yes,OC/BC/MBC/SC/ST
302,1229,Indira Institute of Engineering and Technology,Kanchipuram,ECE,EC,60,No,Yes,Yes,OC/BC/MBC/SC/ST
303,1229,Indira Institute of Engineering and Technology,Kanchipuram,MECH,ME,60,No,Yes,Yes,OC/BC/MBC/SC/ST
304,1230,Apollo Engineering College,Tiruvallur,AERO,AE,60,No,Yes,Yes,OC/BC/MBC/SC/ST
305,1230,Apollo Engineering College,Tiruvallur,CSE,CS,60,No,Yes,Yes,OC/BC/MBC/SC/ST
306,1230,Apollo Engineering College,Tiruvallur,ECE,EC,120,No,Yes,Yes,OC/BC/MBC/SC/ST
307,1230,Apollo Engineering College,Tiruvallur,EEE,EE,60,No,Yes,Yes,OC/BC/MBC/SC/ST
308,1230,Apollo Engineering College,Tiruvallur,MECH,ME,120,No,Yes,Yes,OC/BC/MBC/SC/ST
309,1231,Panimalar Institute of Technology,Tiruvallur,CSE,CS,180,No,Yes,Yes,OC/BC/MBC/SC/ST
310,1231,Panimalar Institute of Technology,Tiruvallur,IT,IT,180,No,Yes,Yes,OC/BC/MBC/SC/ST
311,1231,Panimalar Institute of Technology,Tiruvallur,ECE,EC,180,No,Yes,Yes,OC/BC/MBC/SC/ST
312,1231,Panimalar Institute of Technology,Tiruvallur,AI&DS,AD,180,No,Yes,Yes,OC/BC/MBC/SC/ST
313,1231,Panimalar Institute of Technology,Tiruvallur,CS&BUSINESS,CB,60,No,Yes,Yes,OC/BC/MBC/SC/ST
314,1233,Adhi College of Engineering and Technology,Kanchipuram,CSE,CS,60,No,Yes,Yes,OC/BC/MBC/SC/ST
315,1233,Adhi College of Engineering and Technology,Kanchipuram,ECE,EC,90,No,Yes,Yes,OC/BC/MBC/SC/ST
316,1233,Adhi College of Engineering and Technology,Kanchipuram,EEE,EE,60,No,Yes,Yes,OC/BC/MBC/SC/ST
317,1233,Adhi College of Engineering and Technology,Kanchipuram,MECH,ME,60,No,Yes,Yes,OC/BC/MBC/SC/ST
318,1233,Adhi College of Engineering and Technology,Kanchipuram,CIVIL,CE,60,No,Yes,Yes,OC/BC/MBC/SC/ST
319,1233,Adhi College of Engineering and Technology,Kanchipuram,AI&DS,AD,60,No,Yes,Yes,OC/BC/MBC/SC/ST
320,1237,Velammal Institute of Technology,Kanchipuram,CSE,CS,120,No,Yes,Yes,OC/BC/MBC/SC/ST
321,1237,Velammal Institute of Technology,Kanchipuram,ECE,EC,120,No,Yes,Yes,OC/BC/MBC/SC/ST
322,1237,Velammal Institute of Technology,Kanchipuram,EEE,EE,30,No,Yes,Yes,OC/BC/MBC/SC/ST
323,1237,Velammal Institute of Technology,Kanchipuram,IT,IT,60,No,Yes,Yes,OC/BC/MBC/SC/ST
324,1237,Velammal Institute of Technology,Kanchipuram,MECH,ME,60,No,Yes,Yes,OC/BC/MBC/SC/ST
325,1237,Velammal Institute of Technology,Kanchipuram,AI&DS,AD,60,No,Yes,Yes,OC/BC/MBC/SC/ST
326,1237,Velammal Institute of Technology,Kanchipuram,MECHATRONICS,MC,60,No,Yes,Yes,OC/BC/MBC/SC/ST
327,1238,GRT Institute of Engineering and Technology,Pincode,BIOMED,BM,60,Hostel,Yes,Yes,OC/BC/MBC/SC/ST
328,1238,GRT Institute of Engineering and Technology,Pincode,CSE,CS,60,Hostel,Yes,Yes,OC/BC/MBC/SC/ST
329,1238,GRT Institute of Engineering and Technology,Pincode,EEE,EE,60,Hostel,Yes,Yes,OC/BC/MBC/SC/ST
330,1238,GRT Institute of Engineering and Technology,Pincode,MECH,ME,60,Hostel,Yes,Yes,OC/BC/MBC/SC/ST
331,1238,GRT Institute of Engineering and Technology,Pincode,ECE,EC,60,Hostel,Yes,Yes,OC/BC/MBC/SC/ST
332,1243,Madha Institute of Engineering and Technology,Tiruvallur,CIVIL,CE,30,No,Yes,Yes,OC/BC/MBC/SC/ST
333,1243,Madha Institute of Engineering and Technology,Tiruvallur,CSE,CS,30,No,Yes,Yes,OC/BC/MBC/SC/ST
334,1243,Madha Institute of Engineering and Technology,Tiruvallur,ECE,EC,30,No,Yes,Yes,OC/BC/MBC/SC/ST
335,1243,Madha Institute of Engineering and Technology,Tiruvallur,EEE,EE,30,No,Yes,Yes,OC/BC/MBC/SC/ST
336,1243,Madha Institute of Engineering and Technology,Tiruvallur,IT,IT,30,No,Yes,Yes,OC/BC/MBC/SC/ST
337,1243,Madha Institute of Engineering and Technology,Tiruvallur,MECH,ME,30,No,Yes,Yes,OC/BC/MBC/SC/ST
338,1301,Mohamed Sathak A J College of Engineering,Tiruvallur,CIVIL,CE,60,No,Yes,Yes,OC/BC/MBC/SC/ST
339,1301,Mohamed Sathak A J College of Engineering,Tiruvallur,CSE,CS,60,No,Yes,Yes,OC/BC/MBC/SC/ST
340,1301,Mohamed Sathak A J College of Engineering,Tiruvallur,ECE,EC,60,No,Yes,Yes,OC/BC/MBC/SC/ST
341,1301,Mohamed Sathak A J College of Engineering,Tiruvallur,EEE,EE,60,No,Yes,Yes,OC/BC/MBC/SC/ST
342,1301,Mohamed Sathak A J College of Engineering,Tiruvallur,MECH,ME,60,No,Yes,Yes,OC/BC/MBC/SC/ST
343,1301,Mohamed Sathak A J College of Engineering,Tiruvallur,IT,IT,60,No,Yes,Yes,OC/BC/MBC/SC/ST
344,1303,Anand Institute of Higher Technology,Kanchipuram,AI&DS,AD,60,No,Yes,Yes,OC/BC/MBC/SC/ST
345,1303,Anand Institute of Higher Technology,Kanchipuram,AGRI,AG,60,No,Yes,Yes,OC/BC/MBC/SC/ST
346,1303,Anand Institute of Higher Technology,Kanchipuram,BIOTECH,BT,60,No,Yes,Yes,OC/BC/MBC/SC/ST
347,1303,Anand Institute of Higher Technology,Kanchipuram,CSE,CS,120,No,Yes,Yes,OC/BC/MBC/SC/ST
348,1303,Anand Institute of Higher Technology,Kanchipuram,EEE,EE,30,No,Yes,Yes,OC/BC/MBC/SC/ST
349,1303,Anand Institute of Higher Technology,Kanchipuram,ECE,EC,60,No,Yes,Yes,OC/BC/MBC/SC/ST
350,1303,Anand Institute of Higher Technology,Kanchipuram,MECH,ME,60,No,Yes,Yes,OC/BC/MBC/SC/ST
351,1303,Anand Institute of Higher Technology,Kanchipuram,IT,IT,60,No,Yes,Yes,OC/BC/MBC/SC/ST
352,1304,Easwari Engineering College (Autonomous),Chengalpattu,AI&DS,AD,60,No,Yes,Yes,OC/BC/MBC/SC/ST
353,1304,Easwari Engineering College (Autonomous),Chengalpattu,AUTO,AU,60,No,Yes,Yes,OC/BC/MBC/SC/ST
354,1304,Easwari Engineering College (Autonomous),Chengalpattu,BIOMED,BM,60,No,Yes,Yes,OC/BC/MBC/SC/ST
355,1304,Easwari Engineering College (Autonomous),Chengalpattu,CIVIL,CE,60,No,Yes,Yes,OC/BC/MBC/SC/ST
356,1304,Easwari Engineering College (Autonomous),Chengalpattu,CSE,CS,180,No,Yes,Yes,OC/BC/MBC/SC/ST
357,1304,Easwari Engineering College (Autonomous),Chengalpattu,ECE,EC,180,No,Yes,Yes,OC/BC/MBC/SC/ST
358,1304,Easwari Engineering College (Autonomous),Chengalpattu,EEE,EE,60,No,Yes,Yes,OC/BC/MBC/SC/ST
359,1304,Easwari Engineering College (Autonomous),Chengalpattu,EIE,EI,60,No,Yes,Yes,OC/BC/MBC/SC/ST
360,1304,Easwari Engineering College (Autonomous),Chengalpattu,IT,IT,120,No,Yes,Yes,OC/BC/MBC/SC/ST
361,1304,Easwari Engineering College (Autonomous),Chengalpattu,MECH,ME,180,No,Yes,Yes,OC/BC/MBC/SC/ST
362,1304,Easwari Engineering College (Autonomous),Chengalpattu,RUBBER,RM,60,No,Yes,Yes,OC/BC/MBC/SC/ST
363,1306,Jeppiar Engineering College,Chengalpattu,AERO,AE,30,No,Yes,Yes,OC/BC/MBC/SC/ST
364,1306,Jeppiar Engineering College,Chengalpattu,BIOTECH,BT,30,No,Yes,Yes,OC/BC/MBC/SC/ST
365,1306,Jeppiar Engineering College,Chengalpattu,CSE,CS,120,No,Yes,Yes,OC/BC/MBC/SC/ST
366,1306,Jeppiar Engineering College,Chengalpattu,ECE,EC,120,No,Yes,Yes,OC/BC/MBC/SC/ST
367,1306,Jeppiar Engineering College,Chengalpattu,MECH,ME,60,No,Yes,Yes,OC/BC/MBC/SC/ST
368,1306,Jeppiar Engineering College,Chengalpattu,IT,IT,120,No,Yes,Yes,OC/BC/MBC/SC/ST
369,1306,Jeppiar Engineering College,Chengalpattu,AI&DS,AD,60,No,Yes,Yes,OC/BC/MBC/SC/ST
370,1307,Jerusalem College of Engineering (Autonomous),Tiruvallur,CIVIL,CE,30,Yes,Yes,Yes,OC/BC/MBC/SC/ST
371,1307,Jerusalem College of Engineering (Autonomous),Tiruvallur,CSE,CS,108,Yes,Yes,Yes,OC/BC/MBC/SC/ST
372,1307,Jerusalem College of Engineering (Autonomous),Tiruvallur,BIOMED,BM,54,Yes,Yes,Yes,OC/BC/MBC/SC/ST
373,1307,Jerusalem College of Engineering (Autonomous),Tiruvallur,ECE,EC,60,Yes,Yes,Yes,OC/BC/MBC/SC/ST
374,1307,Jerusalem College of Engineering (Autonomous),Tiruvallur,EEE,EE,30,Yes,Yes,Yes,OC/BC/MBC/SC/ST
375,1307,Jerusalem College of Engineering (Autonomous),Tiruvallur,IT,IT,54,Yes,Yes,Yes,OC/BC/MBC/SC/ST
376,1308,Measi Academy of Architecture,Chengalpattu,ARCH,AR,160,No,Yes,No,OC/BC/MBC/SC/ST
377,1309,Meenakshi Sundararajan Engineering College,Chennai,CSE,CS,60,Yes,Yes,No,OC/BC/MBC/SC/ST
378,1309,Meenakshi Sundararajan Engineering College,Chennai,EEE,EE,60,Yes,Yes,No,OC/BC/MBC/SC/ST
379,1309,Meenakshi Sundararajan Engineering College,Chennai,ECE,EC,120,Yes,Yes,No,OC/BC/MBC/SC/ST
380,1309,Meenakshi Sundararajan Engineering College,Chennai,MECH,ME,60,Yes,Yes,No,OC/BC/MBC/SC/ST
381,1309,Meenakshi Sundararajan Engineering College,Chennai,IT,IT,60,Yes,Yes,No,OC/BC/MBC/SC/ST
382,1309,Meenakshi Sundararajan Engineering College,Chennai,AI&DS,AD,60,Yes,Yes,No,OC/BC/MBC/SC/ST
383,1309,Meenakshi Sundararajan Engineering College,Chennai,CIVIL,CE,60,Yes,Yes,No,OC/BC/MBC/SC/ST
384,1310,Misrimal Navajee Munoth Jain Engineering College,Chennai,CIVIL,CE,30,No,Yes,Yes,OC/BC/MBC/SC/ST
385,1310,Misrimal Navajee Munoth Jain Engineering College,Chennai,CSE,CS,60,No,Yes,Yes,OC/BC/MBC/SC/ST
386,1310,Misrimal Navajee Munoth Jain Engineering College,Chennai,ECE,EC,60,No,Yes,Yes,OC/BC/MBC/SC/ST
387,1310,Misrimal Navajee Munoth Jain Engineering College,Chennai,EEE,EE,30,No,Yes,Yes,OC/BC/MBC/SC/ST
388,1310,Misrimal Navajee Munoth Jain Engineering College,Chennai,MECH,ME,30,No,Yes,Yes,OC/BC/MBC/SC/ST
389,1310,Misrimal Navajee Munoth Jain Engineering College,Chennai,IT,IT,60,No,Yes,Yes,OC/BC/MBC/SC/ST
390,1313,Shree Motilal Kanhaiyalal (SMK)Fomra Institute of Technology,Kanchipuram,BIOMED,BM,60,No,Yes,Yes,OC/BC/MBC/SC/ST
391,1313,Shree Motilal Kanhaiyalal (SMK)Fomra Institute of Technology,Kanchipuram,CSE,CS,60,No,Yes,Yes,OC/BC/MBC/SC/ST
392,1313,Shree Motilal Kanhaiyalal (SMK)Fomra Institute of Technology,Kanchipuram,ECE,EC,60,No,Yes,Yes,OC/BC/MBC/SC/ST
393,1313,Shree Motilal Kanhaiyalal (SMK)Fomra Institute of Technology,Kanchipuram,EEE,EE,30,No,Yes,Yes,OC/BC/MBC/SC/ST
394,1313,Shree Motilal Kanhaiyalal (SMK)Fomra Institute of Technology,Kanchipuram,MECH,ME,30,No,Yes,Yes,OC/BC/MBC/SC/ST
395,1315,Sri Sivasubramaniya Nadar College of Engineering (Autonomous),Chennai,EEE,EE,120,No,Yes,Yes,OC/BC/MBC/SC/ST
396,1315,Sri Sivasubramaniya Nadar College of Engineering (Autonomous),Chennai,ECE,EC,120,No,Yes,Yes,OC/BC/MBC/SC/ST
397,1315,Sri Sivasubramaniya Nadar College of Engineering (Autonomous),Chennai,CSE,CS,120,No,Yes,Yes,OC/BC/MBC/SC/ST
398,1315,Sri Sivasubramaniya Nadar College of Engineering (Autonomous),Chennai,IT,IT,120,No,Yes,Yes,OC/BC/MBC/SC/ST
399,1315,Sri Sivasubramaniya Nadar College of Engineering (Autonomous),Chennai,CHEM,CH,60,No,Yes,Yes,OC/BC/MBC/SC/ST
400,1315,Sri Sivasubramaniya Nadar College of Engineering (Autonomous),Chennai,BIOMED,BM,60,No,Yes,Yes,OC/BC/MBC/SC/ST
401,1315,Sri Sivasubramaniya Nadar College of Engineering (Autonomous),Chennai,MECH,ME,120,No,Yes,Yes,OC/BC/MBC/SC/ST
402,1315,Sri Sivasubramaniya Nadar College of Engineering (Autonomous),Chennai,CIVIL,CE,60,No,Yes,Yes,OC/BC/MBC/SC/ST
403,1316,Agni College of Technology,Chennai,AO,AO,30,No,Yes,Yes,OC/BC/MBC/SC/ST
404,1316,Agni College of Technology,Chennai,BIOMED,BM,60,No,Yes,Yes,OC/BC/MBC/SC/ST
405,1316,Agni College of Technology,Chennai,CHEM,CH,60,No,Yes,Yes,OC/BC/MBC/SC/ST
406,1316,Agni College of Technology,Chennai,CIVIL,CE,30,No,Yes,Yes,OC/BC/MBC/SC/ST
407,1316,Agni College of Technology,Chennai,EEE,EE,30,No,Yes,Yes,OC/BC/MBC/SC/ST
408,1316,Agni College of Technology,Chennai,ECE,EC,60,No,Yes,Yes,OC/BC/MBC/SC/ST
409,1316,Agni College of Technology,Chennai,MECHATRONICS,MC,60,No,Yes,Yes,OC/BC/MBC/SC/ST
410,1316,Agni College of Technology,Chennai,MU,MU,60,No,Yes,Yes,OC/BC/MBC/SC/ST
411,1316,Agni College of Technology,Chennai,IT,IT,60,No,Yes,Yes,OC/BC/MBC/SC/ST
412,1316,Agni College of Technology,Chennai,MECH,ME,60,No,Yes,Yes,OC/BC/MBC/SC/ST
413,1316,Agni College of Technology,Chennai,AI&DS,AD,60,No,Yes,Yes,OC/BC/MBC/SC/ST
414,1316,Agni College of Technology,Chennai,CSE,CS,120,No,Yes,Yes,OC/BC/MBC/SC/ST
415,1317,St. Joseph’s College of Engineering,Chengalpattu,BIOTECH,BT,60,Yes,Yes,Yes,OC/BC/MBC/SC/ST
416,1317,St. Joseph’s College of Engineering,Chengalpattu,CSE,CS,180,Yes,Yes,Yes,OC/BC/MBC/SC/ST
417,1317,St. Joseph’s College of Engineering,Chengalpattu,CIVIL,CE,60,Yes,Yes,Yes,OC/BC/MBC/SC/ST
418,1317,St. Joseph’s College of Engineering,Chengalpattu,CHEM,CH,60,Yes,Yes,Yes,OC/BC/MBC/SC/ST
419,1317,St. Joseph’s College of Engineering,Chengalpattu,ECE,EC,180,Yes,Yes,Yes,OC/BC/MBC/SC/ST
420,1317,St. Joseph’s College of Engineering,Chengalpattu,EEE,EE,180,Yes,Yes,Yes,OC/BC/MBC/SC/ST
421,1317,St. Joseph’s College of Engineering,Chengalpattu,EIE,EI,60,Yes,Yes,Yes,OC/BC/MBC/SC/ST
422,1317,St. Joseph’s College of Engineering,Chengalpattu,AI&DS,AD,60,Yes,Yes,Yes,OC/BC/MBC/SC/ST
423,1317,St. Joseph’s College of Engineering,Chengalpattu,IT,IT,180,Yes,Yes,Yes,OC/BC/MBC/SC/ST
424,1317,St. Joseph’s College of Engineering,Chengalpattu,MECH,ME,180,Yes,Yes,Yes,OC/BC/MBC/SC/ST
425,1317,St. Joseph’s College of Engineering,Chengalpattu,AI,AL,60,Yes,Yes,Yes,OC/BC/MBC/SC/ST
426,1318,T.J INSTITUTE OF TECHNOLOGY,Chengalpattu,CSE,CS,120,No,Yes,Yes,OC/BC/MBC/SC/ST
427,1318,T.J INSTITUTE OF TECHNOLOGY,Chengalpattu,ECE,EC,120,No,Yes,Yes,OC/BC/MBC/SC/ST
428,1318,T.J INSTITUTE OF TECHNOLOGY,Chengalpattu,IT,IT,60,No,Yes,Yes,OC/BC/MBC/SC/ST
429,1318,T.J INSTITUTE OF TECHNOLOGY,Chengalpattu,EEE,EE,120,No,Yes,Yes,OC/BC/MBC/SC/ST
430,1318,T.J INSTITUTE OF TECHNOLOGY,Chengalpattu,MECH,ME,120,No,Yes,Yes,OC/BC/MBC/SC/ST
431,1318,T.J INSTITUTE OF TECHNOLOGY,Chengalpattu,CIVIL,CE,120,No,Yes,Yes,OC/BC/MBC/SC/ST
432,1319,Thangavelu Engineering College,Chengalpattu,CIVIL,CE,60,Yes,Yes,Yes,OC/BC/MBC/SC/ST
433,1319,Thangavelu Engineering College,Chengalpattu,CSE,CS,120,Yes,Yes,Yes,OC/BC/MBC/SC/ST
434,1319,Thangavelu Engineering College,Chengalpattu,MECH,ME,60,Yes,Yes,Yes,OC/BC/MBC/SC/ST
435,1319,Thangavelu Engineering College,Chengalpattu,ECE,EC,60,Yes,Yes,Yes,OC/BC/MBC/SC/ST
436,1319,Thangavelu Engineering College,Chengalpattu,EIE,EI,30,Yes,Yes,Yes,OC/BC/MBC/SC/ST
437,1319,Thangavelu Engineering College,Chengalpattu,EEE,EE,30,Yes,Yes,Yes,OC/BC/MBC/SC/ST
438,1319,Thangavelu Engineering College,Chengalpattu,AI&DS,AD,60,Yes,Yes,Yes,OC/BC/MBC/SC/ST
439,1319,Thangavelu Engineering College,Chengalpattu,IT,IT,60,Yes,Yes,Yes,OC/BC/MBC/SC/ST
440,1321,Central Institute of Plastics Engineering and Technology (CIPET),Chennai,MINING,MN,60,No,Yes,No,OC/BC/MBC/SC/ST
441,1321,Central Institute of Plastics Engineering and Technology (CIPET),Chennai,PA,PA,60,No,Yes,No,OC/BC/MBC/SC/ST
442,1322,Dhanalakshmi Srinivasan College of Engineering and Technology,Chennai,AERO,AE,60,No,Yes,Yes,OC/BC/MBC/SC/ST
443,1322,Dhanalakshmi Srinivasan College of Engineering and Technology,Chennai,AGRI,AG,60,No,Yes,Yes,OC/BC/MBC/SC/ST
444,1322,Dhanalakshmi Srinivasan College of Engineering and Technology,Chennai,BIOMED,BM,60,No,Yes,Yes,OC/BC/MBC/SC/ST
445,1322,Dhanalakshmi Srinivasan College of Engineering and Technology,Chennai,CSE,CS,120,No,Yes,Yes,OC/BC/MBC/SC/ST
446,1322,Dhanalakshmi Srinivasan College of Engineering and Technology,Chennai,ECE,EC,120,No,Yes,Yes,OC/BC/MBC/SC/ST
447,1322,Dhanalakshmi Srinivasan College of Engineering and Technology,Chennai,EEE,EE,60,No,Yes,Yes,OC/BC/MBC/SC/ST
448,1322,Dhanalakshmi Srinivasan College of Engineering and Technology,Chennai,FASHION,FD,60,No,Yes,Yes,OC/BC/MBC/SC/ST
449,1322,Dhanalakshmi Srinivasan College of Engineering and Technology,Chennai,IT,IT,60,No,Yes,Yes,OC/BC/MBC/SC/ST
450,1322,Dhanalakshmi Srinivasan College of Engineering and Technology,Chennai,CIVIL,CE,60,No,Yes,Yes,OC/BC/MBC/SC/ST
451,1322,Dhanalakshmi Srinivasan College of Engineering and Technology,Chennai,MECH,ME,120,No,Yes,Yes,OC/BC/MBC/SC/ST
452,1324,Sri Sai Ram Institute of Technology (Autonomous),Chennai,AI&DS,AD,60,No,Yes,Yes,OC/BC/MBC/SC/ST
453,1324,Sri Sai Ram Institute of Technology (Autonomous),Chennai,CO,CO,60,No,Yes,Yes,OC/BC/MBC/SC/ST
454,1324,Sri Sai Ram Institute of Technology (Autonomous),Chennai,CSE,CS,180,No,Yes,Yes,OC/BC/MBC/SC/ST
455,1324,Sri Sai Ram Institute of Technology (Autonomous),Chennai,ECE,EC,120,No,Yes,Yes,OC/BC/MBC/SC/ST
456,1324,Sri Sai Ram Institute of Technology (Autonomous),Chennai,EEE,EE,60,No,Yes,Yes,OC/BC/MBC/SC/ST
457,1324,Sri Sai Ram Institute of Technology (Autonomous),Chennai,IT,IT,120,No,Yes,Yes,OC/BC/MBC/SC/ST
458,1324,Sri Sai Ram Institute of Technology (Autonomous),Chennai,MECH,ME,60,No,Yes,Yes,OC/BC/MBC/SC/ST
459,1325,St. Joseph College of Engineering,Chengalpattu,CSE,CS,60,No,Yes,Yes,OC/BC/MBC/SC/ST
460,1325,St. Joseph College of Engineering,Chengalpattu,IT,IT,60,No,Yes,Yes,OC/BC/MBC/SC/ST
461,1325,St. Joseph College of Engineering,Chengalpattu,ECE,EC,90,No,Yes,Yes,OC/BC/MBC/SC/ST
462,1325,St. Joseph College of Engineering,Chengalpattu,MECH,ME,90,No,Yes,Yes,OC/BC/MBC/SC/ST
463,1325,St. Joseph College of Engineering,Chengalpattu,EEE,EE,30,No,Yes,Yes,OC/BC/MBC/SC/ST
464,1333,Vi Institute of Technology,Kanchipuram,CIVIL,CE,30,Yes,Yes,Yes,OC/BC/MBC/SC/ST
465,1333,Vi Institute of Technology,Kanchipuram,CSE,CS,60,Yes,Yes,Yes,OC/BC/MBC/SC/ST
466,1333,Vi Institute of Technology,Kanchipuram,EEE,EE,30,Yes,Yes,Yes,OC/BC/MBC/SC/ST
467,1333,Vi Institute of Technology,Kanchipuram,ECE,EC,60,Yes,Yes,Yes,OC/BC/MBC/SC/ST
468,1333,Vi Institute of Technology,Kanchipuram,MECH,ME,60,Yes,Yes,Yes,OC/BC/MBC/SC/ST
469,1335,Sri Krishna Institute of Technology,Kanchipuram,CIVIL,CE,60,No,Yes,Yes,OC/BC/MBC/SC/ST
470,1335,Sri Krishna Institute of Technology,Kanchipuram,EEE,EE,23,No,Yes,Yes,OC/BC/MBC/SC/ST
471,1335,Sri Krishna Institute of Technology,Kanchipuram,ECE,EC,45,No,Yes,Yes,OC/BC/MBC/SC/ST
472,1335,Sri Krishna Institute of Technology,Kanchipuram,MECH,ME,60,No,Yes,Yes,OC/BC/MBC/SC/ST
473,1399,Chennai Institute of Technology,Chengalpattu,CIVIL,CE,30,No,Yes,Yes,OC/BC/MBC/SC/ST
474,1399,Chennai Institute of Technology,Chengalpattu,ECE,EC,120,No,Yes,Yes,OC/BC/MBC/SC/ST
475,1399,Chennai Institute of Technology,Chengalpattu,CSE,CS,180,No,Yes,Yes,OC/BC/MBC/SC/ST
476,1399,Chennai Institute of Technology,Chengalpattu,EEE,EE,60,No,Yes,Yes,OC/BC/MBC/SC/ST
477,1399,Chennai Institute of Technology,Chengalpattu,CS&BUSINESS,CB,60,No,Yes,Yes,OC/BC/MBC/SC/ST
478,1399,Chennai Institute of Technology,Chengalpattu,IT,IT,60,No,Yes,Yes,OC/BC/MBC/SC/ST
479,1399,Chennai Institute of Technology,Chengalpattu,BIOMED,BM,60,No,Yes,Yes,OC/BC/MBC/SC/ST
480,1399,Chennai Institute of Technology,Chengalpattu,MECHATRONICS,MC,60,No,Yes,Yes,OC/BC/MBC/SC/ST
481,1399,Chennai Institute of Technology,Chengalpattu,MECH,ME,120,No,Yes,Yes,OC/BC/MBC/SC/ST
482,1399,Chennai Institute of Technology,Chengalpattu,AI&DS,AD,90,No,Yes,Yes,OC/BC/MBC/SC/ST
483,1400,Mohamed Sathak A J Academy of Architecture,Kanchipuram,ARCH,AR,120,No,Yes,Yes,OC/BC/MBC/SC/ST
484,1401,Adhiparasakthi Engineering College,Kanchipuram,CIVIL,CE,60,No,Yes,Yes,OC/BC/MBC/SC/ST
485,1401,Adhiparasakthi Engineering College,Kanchipuram,MECH,ME,120,No,Yes,Yes,OC/BC/MBC/SC/ST
486,1401,Adhiparasakthi Engineering College,Kanchipuram,EEE,EE,60,No,Yes,Yes,OC/BC/MBC/SC/ST
487,1401,Adhiparasakthi Engineering College,Kanchipuram,ECE,EC,90,No,Yes,Yes,OC/BC/MBC/SC/ST
488,1401,Adhiparasakthi Engineering College,Kanchipuram,CSE,CS,90,No,Yes,Yes,OC/BC/MBC/SC/ST
489,1401,Adhiparasakthi Engineering College,Kanchipuram,CHEM,CH,40,No,Yes,Yes,OC/BC/MBC/SC/ST
490,1401,Adhiparasakthi Engineering College,Kanchipuram,IT,IT,30,No,Yes,Yes,OC/BC/MBC/SC/ST
491,1402,Annai Terasa College of Engineering,Chengalpattu,MECH,ME,60,No,Yes,Yes,OC/BC/MBC/SC/ST
492,1402,Annai Terasa College of Engineering,Chengalpattu,EEE,EE,60,No,Yes,Yes,OC/BC/MBC/SC/ST
493,1402,Annai Terasa College of Engineering,Chengalpattu,ECE,EC,60,No,Yes,Yes,OC/BC/MBC/SC/ST
494,1402,Annai Terasa College of Engineering,Chengalpattu,CSE,CS,60,No,Yes,Yes,OC/BC/MBC/SC/ST
495,1405,Dhanalakshmi College of Engineering,Chengalpattu,AI&DS,AD,120,No,Yes,Yes,OC/BC/MBC/SC/ST
496,1405,Dhanalakshmi College of Engineering,Chengalpattu,CSE,CS,120,No,Yes,Yes,OC/BC/MBC/SC/ST
497,1405,Dhanalakshmi College of Engineering,Chengalpattu,ECE,EC,120,No,Yes,Yes,OC/BC/MBC/SC/ST
498,1405,Dhanalakshmi College of Engineering,Chengalpattu,EEE,EE,30,No,Yes,Yes,OC/BC/MBC/SC/ST
499,1405,Dhanalakshmi College of Engineering,Chengalpattu,MECH,ME,30,No,Yes,Yes,OC/BC/MBC/SC/ST
500,1411,Madha Engineering College,Viluppuram,AERO,AE,30,Yes,Yes,Yes,OC/BC/MBC/SC/ST
501,1411,Madha Engineering College,Viluppuram,BIOTECH,BT,60,Yes,Yes,Yes,OC/BC/MBC/SC/ST
502,1411,Madha Engineering College,Viluppuram,CIVIL,CE,30,Yes,Yes,Yes,OC/BC/MBC/SC/ST
503,1411,Madha Engineering College,Viluppuram,CSE,CS,60,Yes,Yes,Yes,OC/BC/MBC/SC/ST
504,1411,Madha Engineering College,Viluppuram,ECE,EC,60,Yes,Yes,Yes,OC/BC/MBC/SC/ST
505,1411,Madha Engineering College,Viluppuram,EEE,EE,30,Yes,Yes,Yes,OC/BC/MBC/SC/ST
506,1411,Madha Engineering College,Viluppuram,MECH,ME,60,Yes,Yes,Yes,OC/BC/MBC/SC/ST
507,1411,Madha Engineering College,Viluppuram,IT,IT,30,Yes,Yes,Yes,OC/BC/MBC/SC/ST
508,1412,Mailam Engineering College,Chengalpattu,CIVIL,CE,60,No,Yes,Yes,OC/BC/MBC/SC/ST
509,1412,Mailam Engineering College,Chengalpattu,CSE,CS,180,No,Yes,Yes,OC/BC/MBC/SC/ST
510,1412,Mailam Engineering College,Chengalpattu,ECE,EC,180,No,Yes,Yes,OC/BC/MBC/SC/ST
511,1412,Mailam Engineering College,Chengalpattu,EEE,EE,60,No,Yes,Yes,OC/BC/MBC/SC/ST
512,1412,Mailam Engineering College,Chengalpattu,MECH,ME,120,No,Yes,Yes,OC/BC/MBC/SC/ST
513,1412,Mailam Engineering College,Chengalpattu,IT,IT,120,No,Yes,Yes,OC/BC/MBC/SC/ST
514,1413,Sri Venkateswaraa College of Technology,Kanchipuram,AI&DS,AD,60,No,Yes,Yes,OC/BC/MBC/SC/ST
515,1413,Sri Venkateswaraa College of Technology,Kanchipuram,CIVIL,CE,60,No,Yes,Yes,OC/BC/MBC/SC/ST
516,1413,Sri Venkateswaraa College of Technology,Kanchipuram,CSE,CS,60,No,Yes,Yes,OC/BC/MBC/SC/ST
517,1413,Sri Venkateswaraa College of Technology,Kanchipuram,EEE,EE,30,No,Yes,Yes,OC/BC/MBC/SC/ST
518,1413,Sri Venkateswaraa College of Technology,Kanchipuram,ECE,EC,60,No,Yes,Yes,OC/BC/MBC/SC/ST
519,1413,Sri Venkateswaraa College of Technology,Kanchipuram,MECH,ME,60,No,Yes,Yes,OC/BC/MBC/SC/ST
520,1414,Prince Shri Venkateshwara Padmavathy Enginering College,Viluppuram,CSE,CS,60,No,Yes,Yes,OC/BC/MBC/SC/ST
521,1414,Prince Shri Venkateshwara Padmavathy Enginering College,Viluppuram,CIVIL,CE,30,No,Yes,Yes,OC/BC/MBC/SC/ST
522,1414,Prince Shri Venkateshwara Padmavathy Enginering College,Viluppuram,ECE,EC,120,No,Yes,Yes,OC/BC/MBC/SC/ST
523,1414,Prince Shri Venkateshwara Padmavathy Enginering College,Viluppuram,EEE,EE,30,No,Yes,Yes,OC/BC/MBC/SC/ST
524,1414,Prince Shri Venkateshwara Padmavathy Enginering College,Viluppuram,MECH,ME,60,No,Yes,Yes,OC/BC/MBC/SC/ST
525,1414,Prince Shri Venkateshwara Padmavathy Enginering College,Viluppuram,IT,IT,60,No,Yes,Yes,OC/BC/MBC/SC/ST
526,1415,T S M Jain College of Technology,Kanchipuram,CSE,CS,30,No,Yes,Yes,OC/BC/MBC/SC/ST
527,1415,T S M Jain College of Technology,Kanchipuram,CIVIL,CE,60,No,Yes,Yes,OC/BC/MBC/SC/ST
528,1415,T S M Jain College of Technology,Kanchipuram,EEE,EE,60,No,Yes,Yes,OC/BC/MBC/SC/ST
529,1415,T S M Jain College of Technology,Kanchipuram,ECE,EC,30,No,Yes,Yes,OC/BC/MBC/SC/ST
530,1415,T S M Jain College of Technology,Kanchipuram,MECH,ME,60,No,Yes,Yes,OC/BC/MBC/SC/ST
531,1416,Jaya Sakthi Engineering College,Chengalpattu,CSE,CS,60,No,Yes,Yes,OC/BC/MBC/SC/ST
532,1416,Jaya Sakthi Engineering College,Chengalpattu,MECH,ME,60,No,Yes,Yes,OC/BC/MBC/SC/ST
533,1416,Jaya Sakthi Engineering College,Chengalpattu,BIOMED,BM,60,No,Yes,Yes,OC/BC/MBC/SC/ST
534,1419,Sri Sairam Enginering College (Autonomous),Kallakurichi,CIVIL,CE,60,No,Yes,Yes,OC/BC/MBC/SC/ST
535,1419,Sri Sairam Enginering College (Autonomous),Kallakurichi,CSE,CS,180,No,Yes,Yes,OC/BC/MBC/SC/ST
536,1419,Sri Sairam Enginering College (Autonomous),Kallakurichi,ECE,EC,240,No,Yes,Yes,OC/BC/MBC/SC/ST
537,1419,Sri Sairam Enginering College (Autonomous),Kallakurichi,EEE,EE,120,No,Yes,Yes,OC/BC/MBC/SC/ST
538,1419,Sri Sairam Enginering College (Autonomous),Kallakurichi,EIE,EI,90,No,Yes,Yes,OC/BC/MBC/SC/ST
539,1419,Sri Sairam Enginering College (Autonomous),Kallakurichi,IC,IC,30,No,Yes,Yes,OC/BC/MBC/SC/ST
540,1419,Sri Sairam Enginering College (Autonomous),Kallakurichi,MECH,ME,120,No,Yes,Yes,OC/BC/MBC/SC/ST
541,1419,Sri Sairam Enginering College (Autonomous),Kallakurichi,IT,IT,180,No,Yes,Yes,OC/BC/MBC/SC/ST
542,1419,Sri Sairam Enginering College (Autonomous),Kallakurichi,CS&BUSINESS,CB,60,No,Yes,Yes,OC/BC/MBC/SC/ST
543,1419,Sri Sairam Enginering College (Autonomous),Kallakurichi,AI&DS,AD,120,No,Yes,Yes,OC/BC/MBC/SC/ST
544,1419,Sri Sairam Enginering College (Autonomous),Kallakurichi,MU,MU,60,No,Yes,Yes,OC/BC/MBC/SC/ST
545,1419,Sri Sairam Enginering College (Autonomous),Kallakurichi,CJ,CJ,60,No,Yes,Yes,OC/BC/MBC/SC/ST
546,1420,Tagore Engineering College,Tiruvallur,AERO,AE,30,No,Yes,Yes,OC/BC/MBC/SC/ST
547,1420,Tagore Engineering College,Tiruvallur,CSE,CS,60,No,Yes,Yes,OC/BC/MBC/SC/ST
548,1420,Tagore Engineering College,Tiruvallur,ECE,EC,60,No,Yes,Yes,OC/BC/MBC/SC/ST
549,1420,Tagore Engineering College,Tiruvallur,IT,IT,60,No,Yes,Yes,OC/BC/MBC/SC/ST
550,1420,Tagore Engineering College,Tiruvallur,MECH,ME,30,No,Yes,Yes,OC/BC/MBC/SC/ST
551,1422,SRM Valliammai Engineering College (Autonomous),Chengalpattu,CIVIL,CE,30,No,Yes,Yes,OC/BC/MBC/SC/ST
552,1422,SRM Valliammai Engineering College (Autonomous),Chengalpattu,AGRI,AG,60,No,Yes,Yes,OC/BC/MBC/SC/ST
553,1422,SRM Valliammai Engineering College (Autonomous),Chengalpattu,AI&DS,AD,60,No,Yes,Yes,OC/BC/MBC/SC/ST
554,1422,SRM Valliammai Engineering College (Autonomous),Chengalpattu,CSE,CS,180,No,Yes,Yes,OC/BC/MBC/SC/ST
555,1422,SRM Valliammai Engineering College (Autonomous),Chengalpattu,EEE,EE,60,No,Yes,Yes,OC/BC/MBC/SC/ST
556,1422,SRM Valliammai Engineering College (Autonomous),Chengalpattu,ECE,EC,180,No,Yes,Yes,OC/BC/MBC/SC/ST
557,1422,SRM Valliammai Engineering College (Autonomous),Chengalpattu,EIE,EI,30,No,Yes,Yes,OC/BC/MBC/SC/ST
558,1422,SRM Valliammai Engineering College (Autonomous),Chengalpattu,MECH,ME,60,No,Yes,Yes,OC/BC/MBC/SC/ST
559,1422,SRM Valliammai Engineering College (Autonomous),Chengalpattu,MD,MD,30,No,Yes,Yes,OC/BC/MBC/SC/ST
560,1422,SRM Valliammai Engineering College (Autonomous),Chengalpattu,IT,IT,120,No,Yes,Yes,OC/BC/MBC/SC/ST
561,1422,SRM Valliammai Engineering College (Autonomous),Chengalpattu,CY,CY,60,No,Yes,Yes,OC/BC/MBC/SC/ST
562,1423,Asan Memorial College of Engineering and Technology,Viluppuram,CIVIL,CE,30,No,Yes,Yes,OC/BC/MBC/SC/ST
563,1423,Asan Memorial College of Engineering and Technology,Viluppuram,CSE,CS,30,No,Yes,Yes,OC/BC/MBC/SC/ST
564,1423,Asan Memorial College of Engineering and Technology,Viluppuram,ECE,EC,30,No,Yes,Yes,OC/BC/MBC/SC/ST
565,1423,Asan Memorial College of Engineering and Technology,Viluppuram,MECH,ME,30,No,Yes,Yes,OC/BC/MBC/SC/ST
566,1424,Dhaanish Ahmed College of Engineering,Chengalpattu,CIVIL,CE,30,Yes,Yes,Yes,OC/BC/MBC/SC/ST
567,1424,Dhaanish Ahmed College of Engineering,Chengalpattu,ECE,EC,60,Yes,Yes,Yes,OC/BC/MBC/SC/ST
568,1424,Dhaanish Ahmed College of Engineering,Chengalpattu,CSE,CS,120,Yes,Yes,Yes,OC/BC/MBC/SC/ST
569,1424,Dhaanish Ahmed College of Engineering,Chengalpattu,EEE,EE,30,Yes,Yes,Yes,OC/BC/MBC/SC/ST
570,1424,Dhaanish Ahmed College of Engineering,Chengalpattu,MECH,ME,30,Yes,Yes,Yes,OC/BC/MBC/SC/ST
571,1424,Dhaanish Ahmed College of Engineering,Chengalpattu,PE,PE,60,Yes,Yes,Yes,OC/BC/MBC/SC/ST
572,1424,Dhaanish Ahmed College of Engineering,Chengalpattu,AI&DS,AD,60,Yes,Yes,Yes,OC/BC/MBC/SC/ST
573,1424,Dhaanish Ahmed College of Engineering,Chengalpattu,RUBBER,RM,60,Yes,Yes,Yes,OC/BC/MBC/SC/ST
574,1426,Sri Ramanujar Engineering College,Chengalpattu,CSE,CS,90,No,Yes,Yes,OC/BC/MBC/SC/ST
575,1426,Sri Ramanujar Engineering College,Chengalpattu,ECE,EC,60,No,Yes,Yes,OC/BC/MBC/SC/ST
576,1426,Sri Ramanujar Engineering College,Chengalpattu,EEE,EE,30,No,Yes,Yes,OC/BC/MBC/SC/ST
577,1426,Sri Ramanujar Engineering College,Chengalpattu,IT,IT,60,No,Yes,Yes,OC/BC/MBC/SC/ST
578,1426,Sri Ramanujar Engineering College,Chengalpattu,MECH,ME,60,No,Yes,Yes,OC/BC/MBC/SC/ST
579,1427,Sri Krishna Engineering College,Kanchipuram,IT,IT,60,No,Yes,Yes,OC/BC/MBC/SC/ST
580,1427,Sri Krishna Engineering College,Kanchipuram,CSE,CS,60,No,Yes,Yes,OC/BC/MBC/SC/ST
581,1427,Sri Krishna Engineering College,Kanchipuram,ECE,EC,60,No,Yes,Yes,OC/BC/MBC/SC/ST
582,1427,Sri Krishna Engineering College,Kanchipuram,EEE,EE,30,No,Yes,Yes,OC/BC/MBC/SC/ST
583,1427,Sri Krishna Engineering College,Kanchipuram,FT,FT,60,No,Yes,Yes,OC/BC/MBC/SC/ST
584,1430,Maha Bharathi Engineering College,Chengalpattu,CIVIL,CE,60,No,Yes,Yes,OC/BC/MBC/SC/ST
585,1430,Maha Bharathi Engineering College,Chengalpattu,CSE,CS,60,No,Yes,Yes,OC/BC/MBC/SC/ST
586,1430,Maha Bharathi Engineering College,Chengalpattu,ECE,EC,60,No,Yes,Yes,OC/BC/MBC/SC/ST
587,1430,Maha Bharathi Engineering College,Chengalpattu,EEE,EE,60,No,Yes,Yes,OC/BC/MBC/SC/ST
588,1430,Maha Bharathi Engineering College,Chengalpattu,MECH,ME,60,No,Yes,Yes,OC/BC/MBC/SC/ST
589,1431,New Prince Shri Bhavani College of Engineering and Technology,Kanchipuram,CIVIL,CE,30,No,Yes,Yes,OC/BC/MBC/SC/ST
590,1431,New Prince Shri Bhavani College of Engineering and Technology,Kanchipuram,CSE,CS,60,No,Yes,Yes,OC/BC/MBC/SC/ST
591,1431,New Prince Shri Bhavani College of Engineering and Technology,Kanchipuram,EEE,EE,30,No,Yes,Yes,OC/BC/MBC/SC/ST
592,1431,New Prince Shri Bhavani College of Engineering and Technology,Kanchipuram,ECE,EC,60,No,Yes,Yes,OC/BC/MBC/SC/ST
593,1431,New Prince Shri Bhavani College of Engineering and Technology,Kanchipuram,MECH,ME,60,No,Yes,Yes,OC/BC/MBC/SC/ST
594,1431,New Prince Shri Bhavani College of Engineering and Technology,Kanchipuram,IT,IT,60,No,Yes,Yes,OC/BC/MBC/SC/ST
595,1432,Rajalakshmi Institute of Technology,Kallakurichi,CSE,CS,180,No,Yes,Yes,OC/BC/MBC/SC/ST
596,1432,Rajalakshmi Institute of Technology,Kallakurichi,MECH,ME,60,No,Yes,Yes,OC/BC/MBC/SC/ST
597,1432,Rajalakshmi Institute of Technology,Kallakurichi,ECE,EC,120,No,Yes,Yes,OC/BC/MBC/SC/ST
598,1432,Rajalakshmi Institute of Technology,Kallakurichi,CO,CO,60,No,Yes,Yes,OC/BC/MBC/SC/ST
599,1432,Rajalakshmi Institute of Technology,Kallakurichi,AI&DS,AD,180,No,Yes,Yes,OC/BC/MBC/SC/ST
600,1432,Rajalakshmi Institute of Technology,Kallakurichi,CS&BUSINESS,CB,60,No,Yes,Yes,OC/BC/MBC/SC/ST
601,1434,Surya Group of Institutions,Chengalpattu,AERO,AE,60,No,Yes,Yes,OC/BC/MBC/SC/ST
602,1434,Surya Group of Institutions,Chengalpattu,AUTO,AU,60,No,Yes,Yes,OC/BC/MBC/SC/ST
603,1434,Surya Group of Institutions,Chengalpattu,CIVIL,CE,60,No,Yes,Yes,OC/BC/MBC/SC/ST
604,1434,Surya Group of Institutions,Chengalpattu,CSE,CS,60,No,Yes,Yes,OC/BC/MBC/SC/ST
605,1434,Surya Group of Institutions,Chengalpattu,EEE,EE,60,No,Yes,Yes,OC/BC/MBC/SC/ST
606,1434,Surya Group of Institutions,Chengalpattu,ECE,EC,60,No,Yes,Yes,OC/BC/MBC/SC/ST
607,1434,Surya Group of Institutions,Chengalpattu,MECH,ME,120,No,Yes,Yes,OC/BC/MBC/SC/ST
608,1435,Jagannath Institute of Technology,Tiruvallur,CIVIL,CE,30,No,Yes,Yes,OC/BC/MBC/SC/ST
609,1435,Jagannath Institute of Technology,Tiruvallur,CSE,CS,30,No,Yes,Yes,OC/BC/MBC/SC/ST
610,1435,Jagannath Institute of Technology,Tiruvallur,ECE,EC,30,No,Yes,Yes,OC/BC/MBC/SC/ST
611,1435,Jagannath Institute of Technology,Tiruvallur,MECH,ME,30,No,Yes,Yes,OC/BC/MBC/SC/ST
612,1437,Rrase College of Engineering,Taluk,CIVIL,CE,30,No,Yes,Yes,OC/BC/MBC/SC/ST
613,1437,Rrase College of Engineering,Taluk,CSE,CS,60,No,Yes,Yes,OC/BC/MBC/SC/ST
614,1437,Rrase College of Engineering,Taluk,ECE,EC,60,No,Yes,Yes,OC/BC/MBC/SC/ST
615,1437,Rrase College of Engineering,Taluk,EEE,EE,30,No,Yes,Yes,OC/BC/MBC/SC/ST
616,1437,Rrase College of Engineering,Taluk,MECH,ME,60,No,Yes,Yes,OC/BC/MBC/SC/ST
617,1437,Rrase College of Engineering,Taluk,IT,IT,60,No,Yes,Yes,OC/BC/MBC/SC/ST
618,1438,Sree Krishna College of Engineering,Viluppuram,MECH,ME,60,No,Yes,Yes,OC/BC/MBC/SC/ST
619,1438,Sree Krishna College of Engineering,Viluppuram,CIVIL,CE,30,No,Yes,Yes,OC/BC/MBC/SC/ST
620,1438,Sree Krishna College of Engineering,Viluppuram,CSE,CS,45,No,Yes,Yes,OC/BC/MBC/SC/ST
621,1438,Sree Krishna College of Engineering,Viluppuram,EEE,EE,30,No,Yes,Yes,OC/BC/MBC/SC/ST
622,1438,Sree Krishna College of Engineering,Viluppuram,ECE,EC,45,No,Yes,Yes,OC/BC/MBC/SC/ST
623,1442,Prince Dr. K Vasudevan College of Engineering and Technology,Vellore,AI&DS,AD,60,No,Yes,Yes,OC/BC/MBC/SC/ST
624,1442,Prince Dr. K Vasudevan College of Engineering and Technology,Vellore,BIOMED,BM,60,No,Yes,Yes,OC/BC/MBC/SC/ST
625,1442,Prince Dr. K Vasudevan College of Engineering and Technology,Vellore,CSE,CS,60,No,Yes,Yes,OC/BC/MBC/SC/ST
626,1444,Chendu College of Engineering & Technology,Kallakurichi,CSE,CS,60,No,Yes,Yes,OC/BC/MBC/SC/ST
627,1444,Chendu College of Engineering & Technology,Kallakurichi,ECE,EC,120,No,Yes,Yes,OC/BC/MBC/SC/ST
628,1444,Chendu College of Engineering & Technology,Kallakurichi,MECH,ME,60,No,Yes,Yes,OC/BC/MBC/SC/ST
629,1444,Chendu College of Engineering & Technology,Kallakurichi,CIVIL,CE,60,No,Yes,Yes,OC/BC/MBC/SC/ST
630,1445,Sri Rangapoopathi College of Engineering,Chengalpattu,CIVIL,CE,60,No,Yes,Yes,OC/BC/MBC/SC/ST
631,1445,Sri Rangapoopathi College of Engineering,Chengalpattu,CSE,CS,60,No,Yes,Yes,OC/BC/MBC/SC/ST
632,1445,Sri Rangapoopathi College of Engineering,Chengalpattu,EEE,EE,60,No,Yes,Yes,OC/BC/MBC/SC/ST
633,1445,Sri Rangapoopathi College of Engineering,Chengalpattu,ECE,EC,60,No,Yes,Yes,OC/BC/MBC/SC/ST
634,1445,Sri Rangapoopathi College of Engineering,Chengalpattu,MECH,ME,120,No,Yes,Yes,OC/BC/MBC/SC/ST
635,1447,Jawahar Engineering College,Chengalpattu,ECE,EC,30,No,No,No,OC/BC/MBC/SC/ST
636,1447,Jawahar Engineering College,Chengalpattu,EEE,EE,30,No,No,No,OC/BC/MBC/SC/ST
637,1447,Jawahar Engineering College,Chengalpattu,INDUSTRIAL,IE,30,No,No,No,OC/BC/MBC/SC/ST
638,1447,Jawahar Engineering College,Chengalpattu,IT,IT,30,No,No,No,OC/BC/MBC/SC/ST
639,1447,Jawahar Engineering College,Chengalpattu,MECH,ME,30,No,No,No,OC/BC/MBC/SC/ST
640,1449,Saraswathy College of Engineering and Technology,Viluppuram,AGRI,AG,60,No,Yes,Yes,OC/BC/MBC/SC/ST
641,1449,Saraswathy College of Engineering and Technology,Viluppuram,CSE,CS,60,No,Yes,Yes,OC/BC/MBC/SC/ST
642,1449,Saraswathy College of Engineering and Technology,Viluppuram,ECE,EC,60,No,Yes,Yes,OC/BC/MBC/SC/ST
643,1449,Saraswathy College of Engineering and Technology,Viluppuram,MECH,ME,60,No,Yes,Yes,OC/BC/MBC/SC/ST
644,1449,Saraswathy College of Engineering and Technology,Viluppuram,CIVIL,CE,30,No,Yes,Yes,OC/BC/MBC/SC/ST
645,1450,Loyola-ICAM College of Engineering and Technology,Chennai,CSE,CS,60,No,Yes,Yes,OC/BC/MBC/SC/ST
646,1450,Loyola-ICAM College of Engineering and Technology,Chennai,ECE,EC,60,No,Yes,Yes,OC/BC/MBC/SC/ST
647,1450,Loyola-ICAM College of Engineering and Technology,Chennai,EEE,EE,60,No,Yes,Yes,OC/BC/MBC/SC/ST
648,1450,Loyola-ICAM College of Engineering and Technology,Chennai,IT,IT,60,No,Yes,Yes,OC/BC/MBC/SC/ST
649,1450,Loyola-ICAM College of Engineering and Technology,Chennai,MECH,ME,120,No,Yes,Yes,OC/BC/MBC/SC/ST
650,1452,PERI Institute of Technology,Viluppuram,CIVIL,CE,30,No,Yes,Yes,OC/BC/MBC/SC/ST
651,1452,PERI Institute of Technology,Viluppuram,CSE,CS,120,No,Yes,Yes,OC/BC/MBC/SC/ST
652,1452,PERI Institute of Technology,Viluppuram,ECE,EC,60,No,Yes,Yes,OC/BC/MBC/SC/ST
653,1452,PERI Institute of Technology,Viluppuram,EEE,EE,30,No,Yes,Yes,OC/BC/MBC/SC/ST
654,1452,PERI Institute of Technology,Viluppuram,MECH,ME,60,No,Yes,Yes,OC/BC/MBC/SC/ST
655,1501,Adhiparasakthi College of Engineering,Chennai,CSE,CS,60,No,Yes,Yes,OC/BC/MBC/SC/ST
656,1501,Adhiparasakthi College of Engineering,Chennai,CIVIL,CE,60,No,Yes,Yes,OC/BC/MBC/SC/ST
657,1501,Adhiparasakthi College of Engineering,Chennai,ECE,EC,60,No,Yes,Yes,OC/BC/MBC/SC/ST
658,1501,Adhiparasakthi College of Engineering,Chennai,EEE,EE,60,No,Yes,Yes,OC/BC/MBC/SC/ST
659,1501,Adhiparasakthi College of Engineering,Chennai,MECH,ME,60,No,Yes,Yes,OC/BC/MBC/SC/ST
660,1501,Adhiparasakthi College of Engineering,Chennai,IT,IT,30,No,Yes,Yes,OC/BC/MBC/SC/ST
661,1503,Arulmigu Meenakshi Amman College of Engineering,Chengalpattu,CIVIL,CE,30,No,Yes,Yes,OC/BC/MBC/SC/ST
662,1503,Arulmigu Meenakshi Amman College of Engineering,Chengalpattu,ECE,EC,60,No,Yes,Yes,OC/BC/MBC/SC/ST
663,1503,Arulmigu Meenakshi Amman College of Engineering,Chengalpattu,CSE,CS,45,No,Yes,Yes,OC/BC/MBC/SC/ST
664,1503,Arulmigu Meenakshi Amman College of Engineering,Chengalpattu,ARCH,AR,40,No,Yes,Yes,OC/BC/MBC/SC/ST
665,1503,Arulmigu Meenakshi Amman College of Engineering,Chengalpattu,IC,IC,15,No,Yes,Yes,OC/BC/MBC/SC/ST
666,1503,Arulmigu Meenakshi Amman College of Engineering,Chengalpattu,CHEM,CH,30,No,Yes,Yes,OC/BC/MBC/SC/ST
667,1503,Arulmigu Meenakshi Amman College of Engineering,Chengalpattu,EEE,EE,30,No,Yes,Yes,OC/BC/MBC/SC/ST
668,1503,Arulmigu Meenakshi Amman College of Engineering,Chengalpattu,IT,IT,15,No,Yes,Yes,OC/BC/MBC/SC/ST
669,1503,Arulmigu Meenakshi Amman College of Engineering,Chengalpattu,BIOTECH,BT,45,No,Yes,Yes,OC/BC/MBC/SC/ST
670,1503,Arulmigu Meenakshi Amman College of Engineering,Chengalpattu,MECH,ME,90,No,Yes,Yes,OC/BC/MBC/SC/ST
671,1504,Arunai Engineering College,Ranipet,BIOTECH,BT,60,No,Yes,Yes,OC/BC/MBC/SC/ST
672,1504,Arunai Engineering College,Ranipet,CIVIL,CE,60,No,Yes,Yes,OC/BC/MBC/SC/ST
673,1504,Arunai Engineering College,Ranipet,CHEM,CH,60,No,Yes,Yes,OC/BC/MBC/SC/ST
674,1504,Arunai Engineering College,Ranipet,CSE,CS,120,No,Yes,Yes,OC/BC/MBC/SC/ST
675,1504,Arunai Engineering College,Ranipet,ECE,EC,60,No,Yes,Yes,OC/BC/MBC/SC/ST
676,1504,Arunai Engineering College,Ranipet,EEE,EE,60,No,Yes,Yes,OC/BC/MBC/SC/ST
677,1504,Arunai Engineering College,Ranipet,IT,IT,60,No,Yes,Yes,OC/BC/MBC/SC/ST
678,1504,Arunai Engineering College,Ranipet,MECH,ME,60,No,Yes,Yes,OC/BC/MBC/SC/ST
679,1505,C Abdul Hakeem College of Engineering and Technology,Tiruvannamalai,CIVIL,CE,60,No,Yes,Yes,OC/BC/MBC/SC/ST
680,1505,C Abdul Hakeem College of Engineering and Technology,Tiruvannamalai,CSE,CS,120,No,Yes,Yes,OC/BC/MBC/SC/ST
681,1505,C Abdul Hakeem College of Engineering and Technology,Tiruvannamalai,ECE,EC,60,No,Yes,Yes,OC/BC/MBC/SC/ST
682,1505,C Abdul Hakeem College of Engineering and Technology,Tiruvannamalai,EEE,EE,30,No,Yes,Yes,OC/BC/MBC/SC/ST
683,1505,C Abdul Hakeem College of Engineering and Technology,Tiruvannamalai,IT,IT,60,No,Yes,Yes,OC/BC/MBC/SC/ST
684,1505,C Abdul Hakeem College of Engineering and Technology,Tiruvannamalai,MECH,ME,60,No,Yes,Yes,OC/BC/MBC/SC/ST
685,1507,Ganadipathy Tulsi’s Jain Engineering College,Tiruvannamalai,CSE,CS,30,No,Yes,Yes,OC/BC/MBC/SC/ST
686,1507,Ganadipathy Tulsi’s Jain Engineering College,Tiruvannamalai,ECE,EC,30,No,Yes,Yes,OC/BC/MBC/SC/ST
687,1507,Ganadipathy Tulsi’s Jain Engineering College,Tiruvannamalai,EEE,EE,30,No,Yes,Yes,OC/BC/MBC/SC/ST
688,1507,Ganadipathy Tulsi’s Jain Engineering College,Tiruvannamalai,IT,IT,30,No,Yes,Yes,OC/BC/MBC/SC/ST
689,1507,Ganadipathy Tulsi’s Jain Engineering College,Tiruvannamalai,MECH,ME,30,No,Yes,Yes,OC/BC/MBC/SC/ST
690,1509,Meenakshi College of Engineering,Ranipet,CSE,CS,120,No,Yes,Yes,OC/BC/MBC/SC/ST
691,1509,Meenakshi College of Engineering,Ranipet,CIVIL,CE,60,No,Yes,Yes,OC/BC/MBC/SC/ST
692,1509,Meenakshi College of Engineering,Ranipet,EEE,EE,60,No,Yes,Yes,OC/BC/MBC/SC/ST
693,1509,Meenakshi College of Engineering,Ranipet,ECE,EC,120,No,Yes,Yes,OC/BC/MBC/SC/ST
694,1509,Meenakshi College of Engineering,Ranipet,EIE,EI,60,No,Yes,Yes,OC/BC/MBC/SC/ST
695,1509,Meenakshi College of Engineering,Ranipet,IT,IT,120,No,Yes,Yes,OC/BC/MBC/SC/ST
696,1509,Meenakshi College of Engineering,Ranipet,MECH,ME,120,No,Yes,Yes,OC/BC/MBC/SC/ST
697,1509,Meenakshi College of Engineering,Ranipet,ARCH,AR,80,No,Yes,Yes,OC/BC/MBC/SC/ST
698,1510,Priyadarshini Engineering College,Vellore,CIVIL,CE,60,No,Yes,Yes,OC/BC/MBC/SC/ST
699,1510,Priyadarshini Engineering College,Vellore,CSE,CS,90,No,Yes,Yes,OC/BC/MBC/SC/ST
700,1510,Priyadarshini Engineering College,Vellore,ECE,EC,120,No,Yes,Yes,OC/BC/MBC/SC/ST
701,1510,Priyadarshini Engineering College,Vellore,EEE,EE,60,No,Yes,Yes,OC/BC/MBC/SC/ST
702,1510,Priyadarshini Engineering College,Vellore,MECH,ME,120,No,Yes,Yes,OC/BC/MBC/SC/ST
703,1511,Ranippettai Engineering College,Chennai,CSE,CS,45,No,Yes,Yes,OC/BC/MBC/SC/ST
704,1511,Ranippettai Engineering College,Chennai,CIVIL,CE,45,No,Yes,Yes,OC/BC/MBC/SC/ST
705,1511,Ranippettai Engineering College,Chennai,EEE,EE,60,No,Yes,Yes,OC/BC/MBC/SC/ST
706,1511,Ranippettai Engineering College,Chennai,ECE,EC,60,No,Yes,Yes,OC/BC/MBC/SC/ST
707,1511,Ranippettai Engineering College,Chennai,MECH,ME,90,No,Yes,Yes,OC/BC/MBC/SC/ST
708,1513,Sri Balaji Chockalingam Engineering College,Ranipet,CIVIL,CE,60,No,Yes,Yes,OC/BC/MBC/SC/ST
709,1513,Sri Balaji Chockalingam Engineering College,Ranipet,CSE,CS,60,No,Yes,Yes,OC/BC/MBC/SC/ST
710,1513,Sri Balaji Chockalingam Engineering College,Ranipet,EEE,EE,60,No,Yes,Yes,OC/BC/MBC/SC/ST
711,1513,Sri Balaji Chockalingam Engineering College,Ranipet,ECE,EC,60,No,Yes,Yes,OC/BC/MBC/SC/ST
712,1513,Sri Balaji Chockalingam Engineering College,Ranipet,IT,IT,60,No,Yes,Yes,OC/BC/MBC/SC/ST
713,1513,Sri Balaji Chockalingam Engineering College,Ranipet,MECH,ME,60,No,Yes,Yes,OC/BC/MBC/SC/ST
714,1517,Thirumalai Engineering College,Tiruvannamalai,CIVIL,CE,30,No,Yes,Yes,OC/BC/MBC/SC/ST
715,1517,Thirumalai Engineering College,Tiruvannamalai,CSE,CS,120,No,Yes,Yes,OC/BC/MBC/SC/ST
716,1517,Thirumalai Engineering College,Tiruvannamalai,EEE,EE,30,No,Yes,Yes,OC/BC/MBC/SC/ST
717,1517,Thirumalai Engineering College,Tiruvannamalai,ECE,EC,60,No,Yes,Yes,OC/BC/MBC/SC/ST
718,1517,Thirumalai Engineering College,Tiruvannamalai,MECH,ME,60,No,Yes,Yes,OC/BC/MBC/SC/ST
719,1517,Thirumalai Engineering College,Tiruvannamalai,IT,IT,30,No,Yes,Yes,OC/BC/MBC/SC/ST
720,1518,Thiruvalluvar College of Engineering and Technology,Tiruvannamalai,AERO,AE,45,No,Yes,Yes,OC/BC/MBC/SC/ST
721,1518,Thiruvalluvar College of Engineering and Technology,Tiruvannamalai,AUTO,AU,45,No,Yes,Yes,OC/BC/MBC/SC/ST
722,1518,Thiruvalluvar College of Engineering and Technology,Tiruvannamalai,CSE,CS,90,No,Yes,Yes,OC/BC/MBC/SC/ST
723,1518,Thiruvalluvar College of Engineering and Technology,Tiruvannamalai,CIVIL,CE,68,No,Yes,Yes,OC/BC/MBC/SC/ST
724,1518,Thiruvalluvar College of Engineering and Technology,Tiruvannamalai,ECE,EC,90,No,Yes,Yes,OC/BC/MBC/SC/ST
725,1518,Thiruvalluvar College of Engineering and Technology,Tiruvannamalai,EEE,EE,45,No,Yes,Yes,OC/BC/MBC/SC/ST
726,1518,Thiruvalluvar College of Engineering and Technology,Tiruvannamalai,EIE,EI,45,No,Yes,Yes,OC/BC/MBC/SC/ST
727,1518,Thiruvalluvar College of Engineering and Technology,Tiruvannamalai,MECH,ME,90,No,Yes,Yes,OC/BC/MBC/SC/ST
728,1518,Thiruvalluvar College of Engineering and Technology,Tiruvannamalai,IT,IT,68,No,Yes,Yes,OC/BC/MBC/SC/ST
729,1519,Bharathidasan Engineering College,Kanchipuram,CIVIL,CE,60,No,Yes,Yes,OC/BC/MBC/SC/ST
730,1519,Bharathidasan Engineering College,Kanchipuram,CSE,CS,60,No,Yes,Yes,OC/BC/MBC/SC/ST
731,1519,Bharathidasan Engineering College,Kanchipuram,ECE,EC,60,No,Yes,Yes,OC/BC/MBC/SC/ST
732,1519,Bharathidasan Engineering College,Kanchipuram,EEE,EE,60,No,Yes,Yes,OC/BC/MBC/SC/ST
733,1519,Bharathidasan Engineering College,Kanchipuram,IT,IT,60,No,Yes,Yes,OC/BC/MBC/SC/ST
734,1519,Bharathidasan Engineering College,Kanchipuram,MECH,ME,60,No,Yes,Yes,OC/BC/MBC/SC/ST
735,1520,Kingston Engineering College,Tiruvannamalai,CSE,CS,120,No,Yes,Yes,OC/BC/MBC/SC/ST
736,1520,Kingston Engineering College,Tiruvannamalai,CIVIL,CE,30,No,Yes,Yes,OC/BC/MBC/SC/ST
737,1520,Kingston Engineering College,Tiruvannamalai,ECE,EC,60,No,Yes,Yes,OC/BC/MBC/SC/ST
738,1520,Kingston Engineering College,Tiruvannamalai,EEE,EE,30,No,Yes,Yes,OC/BC/MBC/SC/ST
739,1520,Kingston Engineering College,Tiruvannamalai,MECH,ME,60,No,Yes,Yes,OC/BC/MBC/SC/ST
740,1520,Kingston Engineering College,Tiruvannamalai,IT,IT,60,No,Yes,Yes,OC/BC/MBC/SC/ST
741,1523,Global Institute of Engineering and Technology,Thirupattur,AUTO,AU,30,No,Yes,Yes,OC/BC/MBC/SC/ST
742,1523,Global Institute of Engineering and Technology,Thirupattur,CIVIL,CE,30,No,Yes,Yes,OC/BC/MBC/SC/ST
743,1523,Global Institute of Engineering and Technology,Thirupattur,CSE,CS,60,No,Yes,Yes,OC/BC/MBC/SC/ST
744,1523,Global Institute of Engineering and Technology,Thirupattur,EEE,EE,30,No,Yes,Yes,OC/BC/MBC/SC/ST
745,1523,Global Institute of Engineering and Technology,Thirupattur,ECE,EC,60,No,Yes,Yes,OC/BC/MBC/SC/ST
746,1523,Global Institute of Engineering and Technology,Thirupattur,MECH,ME,60,No,Yes,Yes,OC/BC/MBC/SC/ST
747,1523,Global Institute of Engineering and Technology,Thirupattur,IT,IT,60,No,Yes,Yes,OC/BC/MBC/SC/ST
748,1524,Annamalaiar College of Engineering,Vellore,CIVIL,CE,60,No,Yes,Yes,OC/BC/MBC/SC/ST
749,1524,Annamalaiar College of Engineering,Vellore,CSE,CS,60,No,Yes,Yes,OC/BC/MBC/SC/ST
750,1524,Annamalaiar College of Engineering,Vellore,ECE,EC,30,No,Yes,Yes,OC/BC/MBC/SC/ST
751,1524,Annamalaiar College of Engineering,Vellore,MECH,ME,120,No,Yes,Yes,OC/BC/MBC/SC/ST
752,1524,Annamalaiar College of Engineering,Vellore,EEE,EE,60,No,Yes,Yes,OC/BC/MBC/SC/ST
753,1525,Podhigai College of Engineering and Technology,Ranipet,MECH,ME,60,No,Yes,Yes,OC/BC/MBC/SC/ST
754,1525,Podhigai College of Engineering and Technology,Ranipet,CSE,CS,60,No,Yes,Yes,OC/BC/MBC/SC/ST
755,1525,Podhigai College of Engineering and Technology,Ranipet,EEE,EE,60,No,Yes,Yes,OC/BC/MBC/SC/ST
756,1525,Podhigai College of Engineering and Technology,Ranipet,ECE,EC,30,No,Yes,Yes,OC/BC/MBC/SC/ST
757,1525,Podhigai College of Engineering and Technology,Ranipet,CIVIL,CE,60,No,Yes,Yes,OC/BC/MBC/SC/ST
758,1526,Sri Krishna College of Engineering,Tiruvannamalai,CSE,CS,34,No,Yes,Yes,OC/BC/MBC/SC/ST
759,1526,Sri Krishna College of Engineering,Tiruvannamalai,EEE,EE,30,No,Yes,Yes,OC/BC/MBC/SC/ST
760,1526,Sri Krishna College of Engineering,Tiruvannamalai,ECE,EC,34,No,Yes,Yes,OC/BC/MBC/SC/ST
761,1526,Sri Krishna College of Engineering,Tiruvannamalai,CIVIL,CE,30,No,Yes,Yes,OC/BC/MBC/SC/ST
762,1526,Sri Krishna College of Engineering,Tiruvannamalai,MECH,ME,68,No,Yes,Yes,OC/BC/MBC/SC/ST
763,1529,Oxford College of Engineering,Thirupattur,MECH,ME,60,No,Yes,Yes,OC/BC/MBC/SC/ST
764,1529,Oxford College of Engineering,Thirupattur,CIVIL,CE,60,No,Yes,Yes,OC/BC/MBC/SC/ST
765,1529,Oxford College of Engineering,Thirupattur,CSE,CS,60,No,Yes,Yes,OC/BC/MBC/SC/ST
766,1529,Oxford College of Engineering,Thirupattur,ECE,EC,60,No,Yes,Yes,OC/BC/MBC/SC/ST
767,1529,Oxford College of Engineering,Thirupattur,EEE,EE,60,No,Yes,Yes,OC/BC/MBC/SC/ST
768,1530,Papni School of Architecture,Ranipet,ARCH,AR,40,No,Yes,Yes,OC/BC/MBC/SC/ST
769,2005,Government College of Technology (Autonomous),Kallakurichi,CIVIL,CE,120,NO,Yes,No,OC/BC/MBC/SC/ST
770,2005,Government College of Technology (Autonomous),Kallakurichi,EEE,EE,60,NO,Yes,No,OC/BC/MBC/SC/ST
771,2005,Government College of Technology (Autonomous),Kallakurichi,ECE,EC,60,NO,Yes,No,OC/BC/MBC/SC/ST
772,2005,Government College of Technology (Autonomous),Kallakurichi,MECH,ME,120,NO,Yes,No,OC/BC/MBC/SC/ST
773,2005,Government College of Technology (Autonomous),Kallakurichi,PR,PR,60,NO,Yes,No,OC/BC/MBC/SC/ST
774,2005,Government College of Technology (Autonomous),Kallakurichi,EIE,EI,60,NO,Yes,No,OC/BC/MBC/SC/ST
775,2005,Government College of Technology (Autonomous),Kallakurichi,CSE,CS,60,NO,Yes,No,OC/BC/MBC/SC/ST
776,2005,Government College of Technology (Autonomous),Kallakurichi,IT,IT,60,NO,Yes,No,OC/BC/MBC/SC/ST
777,2005,Government College of Technology (Autonomous),Kallakurichi,BIOTECH,IB,120,NO,Yes,No,OC/BC/MBC/SC/ST
778,2006,PSG College of Technology (Autonomous),Kallakurichi,AS,AS,60,No,Yes,No,OC/BC/MBC/SC/ST
779,2006,PSG College of Technology (Autonomous),Kallakurichi,BS,BS,60,No,Yes,No,OC/BC/MBC/SC/ST
780,2006,PSG College of Technology (Autonomous),Kallakurichi,BIOTECH,BY,60,No,Yes,No,OC/BC/MBC/SC/ST
781,2006,PSG College of Technology (Autonomous),Kallakurichi,CIVIL,CE,30,No,Yes,No,OC/BC/MBC/SC/ST
782,2006,PSG College of Technology (Autonomous),Kallakurichi,CN,CN,30,No,Yes,No,OC/BC/MBC/SC/ST
783,2006,PSG College of Technology (Autonomous),Kallakurichi,ECE,EC,60,No,Yes,No,OC/BC/MBC/SC/ST
784,2006,PSG College of Technology (Autonomous),Kallakurichi,ENGINEERING,EM,60,No,Yes,No,OC/BC/MBC/SC/ST
785,2006,PSG College of Technology (Autonomous),Kallakurichi,EEE,EE,60,No,Yes,No,OC/BC/MBC/SC/ST
786,2006,PSG College of Technology (Autonomous),Kallakurichi,ES,ES,60,No,Yes,No,OC/BC/MBC/SC/ST
787,2006,PSG College of Technology (Autonomous),Kallakurichi,FY,FY,60,No,Yes,No,OC/BC/MBC/SC/ST
788,2006,PSG College of Technology (Autonomous),Kallakurichi,INDUSTRIAL,IM,120,No,Yes,No,OC/BC/MBC/SC/ST
789,2006,PSG College of Technology (Autonomous),Kallakurichi,IY,IY,60,No,Yes,No,OC/BC/MBC/SC/ST
790,2006,PSG College of Technology (Autonomous),Kallakurichi,MECH,ME,60,No,Yes,No,OC/BC/MBC/SC/ST
791,2006,PSG College of Technology (Autonomous),Kallakurichi,MF,MF,60,No,Yes,No,OC/BC/MBC/SC/ST
792,2006,PSG College of Technology (Autonomous),Kallakurichi,MS,MS,60,No,Yes,No,OC/BC/MBC/SC/ST
793,2006,PSG College of Technology (Autonomous),Kallakurichi,MT,MT,30,No,Yes,No,OC/BC/MBC/SC/ST
794,2006,PSG College of Technology (Autonomous),Kallakurichi,MY,MY,30,No,Yes,No,OC/BC/MBC/SC/ST
795,2006,PSG College of Technology (Autonomous),Kallakurichi,PR,PR,30,No,Yes,No,OC/BC/MBC/SC/ST
796,2006,PSG College of Technology (Autonomous),Kallakurichi,PN,PN,30,No,Yes,No,OC/BC/MBC/SC/ST
797,2006,PSG College of Technology (Autonomous),Kallakurichi,PS,PS,60,No,Yes,No,OC/BC/MBC/SC/ST
798,2006,PSG College of Technology (Autonomous),Kallakurichi,RA,RA,60,No,Yes,No,OC/BC/MBC/SC/ST
799,2006,PSG College of Technology (Autonomous),Kallakurichi,TEXTILE,TX,30,No,Yes,No,OC/BC/MBC/SC/ST
800,2006,PSG College of Technology (Autonomous),Kallakurichi,TT,TT,30,No,Yes,No,OC/BC/MBC/SC/ST
801,2006,PSG College of Technology (Autonomous),Kallakurichi,CHEM,CM,120,No,Yes,No,OC/BC/MBC/SC/ST
802,2007,Coimbatore Institute of Technology (Autonomous),Coimbatore,CIVIL,CE,45,Yes,Yes,Yes,OC/BC/MBC/SC/ST
803,2007,Coimbatore Institute of Technology (Autonomous),Coimbatore,CN,CN,15,Yes,Yes,Yes,OC/BC/MBC/SC/ST
804,2007,Coimbatore Institute of Technology (Autonomous),Coimbatore,EEE,EE,65,Yes,Yes,Yes,OC/BC/MBC/SC/ST
805,2007,Coimbatore Institute of Technology (Autonomous),Coimbatore,EY,EY,55,Yes,Yes,Yes,OC/BC/MBC/SC/ST
806,2007,Coimbatore Institute of Technology (Autonomous),Coimbatore,ECE,EC,60,Yes,Yes,Yes,OC/BC/MBC/SC/ST
807,2007,Coimbatore Institute of Technology (Autonomous),Coimbatore,ENGINEERING,EM,60,Yes,Yes,Yes,OC/BC/MBC/SC/ST
808,2007,Coimbatore Institute of Technology (Autonomous),Coimbatore,CSE,CS,60,Yes,Yes,Yes,OC/BC/MBC/SC/ST
809,2007,Coimbatore Institute of Technology (Autonomous),Coimbatore,CHEM,CM,60,Yes,Yes,Yes,OC/BC/MBC/SC/ST
810,2007,Coimbatore Institute of Technology (Autonomous),Coimbatore,CHEM,CH,40,Yes,Yes,Yes,OC/BC/MBC/SC/ST
811,2007,Coimbatore Institute of Technology (Autonomous),Coimbatore,CHEM,CL,20,Yes,Yes,Yes,OC/BC/MBC/SC/ST
812,2007,Coimbatore Institute of Technology (Autonomous),Coimbatore,INDUSTRIAL,IM,60,Yes,Yes,Yes,OC/BC/MBC/SC/ST
813,2007,Coimbatore Institute of Technology (Autonomous),Coimbatore,MF,MF,55,Yes,Yes,Yes,OC/BC/MBC/SC/ST
814,2007,Coimbatore Institute of Technology (Autonomous),Coimbatore,MECH,ME,65,Yes,Yes,Yes,OC/BC/MBC/SC/ST
815,2007,Coimbatore Institute of Technology (Autonomous),Coimbatore,AI&DS,AD,60,Yes,Yes,Yes,OC/BC/MBC/SC/ST
816,2025,Anna University Regional Campus - Coimbatore,Coimbatore,CSE,CS,60,Yes,Yes,No,OC/BC/MBC/SC/ST
817,2025,Anna University Regional Campus - Coimbatore,Coimbatore,ECE,EC,60,Yes,Yes,No,OC/BC/MBC/SC/ST
818,2025,Anna University Regional Campus - Coimbatore,Coimbatore,EEE,EE,60,Yes,Yes,No,OC/BC/MBC/SC/ST
819,2025,Anna University Regional Campus - Coimbatore,Coimbatore,MECH,ME,60,Yes,Yes,No,OC/BC/MBC/SC/ST
820,2302,Sri Shanmugha College of Engineering and Technology,Coimbatore,AGRI,AG,60,Yes,Yes,Yes,OC/BC/MBC/SC/ST
821,2302,Sri Shanmugha College of Engineering and Technology,Coimbatore,CSE,CS,60,Yes,Yes,Yes,OC/BC/MBC/SC/ST
822,2302,Sri Shanmugha College of Engineering and Technology,Coimbatore,BIOMED,BM,60,Yes,Yes,Yes,OC/BC/MBC/SC/ST
823,2302,Sri Shanmugha College of Engineering and Technology,Coimbatore,AI&DS,AD,60,Yes,Yes,Yes,OC/BC/MBC/SC/ST
824,2302,Sri Shanmugha College of Engineering and Technology,Coimbatore,ECE,EC,60,Yes,Yes,Yes,OC/BC/MBC/SC/ST
825,2302,Sri Shanmugha College of Engineering and Technology,Coimbatore,IT,IT,60,Yes,Yes,Yes,OC/BC/MBC/SC/ST
826,2302,Sri Shanmugha College of Engineering and Technology,Coimbatore,MECH,ME,60,Yes,Yes,Yes,OC/BC/MBC/SC/ST
827,2314,Muthayammal College of Engineering,Coimbatore,AGRI,AG,60,No,Yes,Yes,OC/BC/MBC/SC/ST
828,2314,Muthayammal College of Engineering,Coimbatore,CSE,CS,60,No,Yes,Yes,OC/BC/MBC/SC/ST
829,2314,Muthayammal College of Engineering,Coimbatore,ECE,EC,60,No,Yes,Yes,OC/BC/MBC/SC/ST
830,2314,Muthayammal College of Engineering,Coimbatore,EEE,EE,60,No,Yes,Yes,OC/BC/MBC/SC/ST
831,2314,Muthayammal College of Engineering,Coimbatore,AI&DS,AD,60,No,Yes,Yes,OC/BC/MBC/SC/ST
832,2327,N S N College of Engineering and Technology,Salem,CIVIL,CE,30,No,Yes,Yes,OC/BC/MBC/SC/ST
833,2327,N S N College of Engineering and Technology,Salem,CSE,CS,60,No,Yes,Yes,OC/BC/MBC/SC/ST
834,2327,N S N College of Engineering and Technology,Salem,ECE,EC,90,No,Yes,Yes,OC/BC/MBC/SC/ST
835,2327,N S N College of Engineering and Technology,Salem,EEE,EE,60,No,Yes,Yes,OC/BC/MBC/SC/ST
836,2327,N S N College of Engineering and Technology,Salem,MECH,ME,90,No,Yes,Yes,OC/BC/MBC/SC/ST
837,2329,Rathinam Technical Campus,Karur,AGRI,AG,30,No,Yes,Yes,OC/BC/MBC/SC/ST
838,2329,Rathinam Technical Campus,Karur,BIOMED,BM,60,No,Yes,Yes,OC/BC/MBC/SC/ST
839,2329,Rathinam Technical Campus,Karur,BIOTECH,BT,30,No,Yes,Yes,OC/BC/MBC/SC/ST
840,2329,Rathinam Technical Campus,Karur,CSE,CS,60,No,Yes,Yes,OC/BC/MBC/SC/ST
841,2329,Rathinam Technical Campus,Karur,ECE,EC,30,No,Yes,Yes,OC/BC/MBC/SC/ST
842,2329,Rathinam Technical Campus,Karur,IT,IT,60,No,Yes,Yes,OC/BC/MBC/SC/ST
843,2329,Rathinam Technical Campus,Karur,MECH,ME,30,No,Yes,Yes,OC/BC/MBC/SC/ST
844,2332,Aishwarya College of Engineering and Technology,Namakkal,CIVIL,CE,60,No,Yes,Yes,OC/BC/MBC/SC/ST
845,2332,Aishwarya College of Engineering and Technology,Namakkal,MECH,ME,60,No,Yes,Yes,OC/BC/MBC/SC/ST
846,2332,Aishwarya College of Engineering and Technology,Namakkal,EEE,EE,60,No,Yes,Yes,OC/BC/MBC/SC/ST
847,2332,Aishwarya College of Engineering and Technology,Namakkal,ECE,EC,60,No,Yes,Yes,OC/BC/MBC/SC/ST
848,2332,Aishwarya College of Engineering and Technology,Namakkal,CSE,CS,60,No,Yes,Yes,OC/BC/MBC/SC/ST
849,2338,Asian College of Engineering and Technology,Coimbatore,CSE,CS,60,No,Yes,Yes,OC/BC/MBC/SC/ST
850,2338,Asian College of Engineering and Technology,Coimbatore,EEE,EE,60,No,Yes,Yes,OC/BC/MBC/SC/ST
851,2338,Asian College of Engineering and Technology,Coimbatore,MECH,ME,60,No,Yes,Yes,OC/BC/MBC/SC/ST
852,2338,Asian College of Engineering and Technology,Coimbatore,BIOMED,BM,60,No,Yes,Yes,OC/BC/MBC/SC/ST
853,2338,Asian College of Engineering and Technology,Coimbatore,AGRI,AG,60,No,Yes,Yes,OC/BC/MBC/SC/ST
854,2341,Ganesh College of Engineering,Erode,BIOMED,BM,60,No,Yes,Yes,OC/BC/MBC/SC/ST
855,2341,Ganesh College of Engineering,Erode,CSE,CS,60,No,Yes,Yes,OC/BC/MBC/SC/ST
856,2341,Ganesh College of Engineering,Erode,EEE,EE,60,No,Yes,Yes,OC/BC/MBC/SC/ST
857,2341,Ganesh College of Engineering,Erode,ECE,EC,60,No,Yes,Yes,OC/BC/MBC/SC/ST
858,2341,Ganesh College of Engineering,Erode,CIVIL,CE,60,No,Yes,Yes,OC/BC/MBC/SC/ST
859,2341,Ganesh College of Engineering,Erode,MECH,ME,120,No,Yes,Yes,OC/BC/MBC/SC/ST
860,2342,Sri Ranganathar Institute of Engineering and Technology,Coimbatore,CIVIL,CE,60,No,Yes,Yes,OC/BC/MBC/SC/ST
861,2342,Sri Ranganathar Institute of Engineering and Technology,Coimbatore,CSE,CS,60,No,Yes,Yes,OC/BC/MBC/SC/ST
862,2342,Sri Ranganathar Institute of Engineering and Technology,Coimbatore,ECE,EC,60,No,Yes,Yes,OC/BC/MBC/SC/ST
863,2342,Sri Ranganathar Institute of Engineering and Technology,Coimbatore,EEE,EE,60,No,Yes,Yes,OC/BC/MBC/SC/ST
864,2342,Sri Ranganathar Institute of Engineering and Technology,Coimbatore,MECH,ME,60,No,Yes,Yes,OC/BC/MBC/SC/ST
865,2343,Indian Institute of Handloom Technology,Salem,HT,HT,60,No,Yes,No,OC/BC/MBC/SC/ST
866,2343,Indian Institute of Handloom Technology,Salem,HT,HT,60,No,Yes,No,OC/BC/MBC/SC/ST
867,2344,Kongu School of Architecture,Coimbatore,ARCH,AR,40,No,Yes,Yes,OC/BC/MBC/SC/ST
868,2345,Dhirajlal Gandhi College of Technology,Salem,CIVIL,CE,60,No,Yes,Yes,OC/BC/MBC/SC/ST
869,2345,Dhirajlal Gandhi College of Technology,Salem,CSE,CS,120,No,Yes,Yes,OC/BC/MBC/SC/ST
870,2345,Dhirajlal Gandhi College of Technology,Salem,ECE,EC,120,No,Yes,Yes,OC/BC/MBC/SC/ST
871,2345,Dhirajlal Gandhi College of Technology,Salem,EEE,EE,60,No,Yes,Yes,OC/BC/MBC/SC/ST
872,2345,Dhirajlal Gandhi College of Technology,Salem,MECH,ME,60,No,Yes,Yes,OC/BC/MBC/SC/ST
873,2345,Dhirajlal Gandhi College of Technology,Salem,AI&DS,AD,60,No,Yes,Yes,OC/BC/MBC/SC/ST
874,2345,Dhirajlal Gandhi College of Technology,Salem,AGRI,AG,60,No,Yes,Yes,OC/BC/MBC/SC/ST
875,2346,Shree Sathyam College of Engineering and Technology,Erode,CIVIL,CE,30,No,Yes,Yes,OC/BC/MBC/SC/ST
876,2346,Shree Sathyam College of Engineering and Technology,Erode,CSE,CS,60,No,Yes,Yes,OC/BC/MBC/SC/ST
877,2346,Shree Sathyam College of Engineering and Technology,Erode,ECE,EC,30,No,Yes,Yes,OC/BC/MBC/SC/ST
878,2346,Shree Sathyam College of Engineering and Technology,Erode,EEE,EE,60,No,Yes,Yes,OC/BC/MBC/SC/ST
879,2346,Shree Sathyam College of Engineering and Technology,Erode,MECH,ME,60,No,Yes,Yes,OC/BC/MBC/SC/ST
880,2347,AVS College of Technology,Salem,CSE,CS,60,No,Yes,Yes,OC/BC/MBC/SC/ST
881,2347,AVS College of Technology,Salem,ECE,EC,60,No,Yes,Yes,OC/BC/MBC/SC/ST
882,2347,AVS College of Technology,Salem,EEE,EE,60,No,Yes,Yes,OC/BC/MBC/SC/ST
883,2347,AVS College of Technology,Salem,MECH,ME,120,No,Yes,Yes,OC/BC/MBC/SC/ST
884,2347,AVS College of Technology,Salem,AGRI,AG,60,No,Yes,Yes,OC/BC/MBC/SC/ST
885,2348,San Academy of Architecture,Salem,ARCH,AR,40,No,Yes,Yes,OC/BC/MBC/SC/ST
886,2349,Dhaanish Ahmed Institute of Technology,Salem,CSE,CS,60,No,Yes,Yes,OC/BC/MBC/SC/ST
887,2349,Dhaanish Ahmed Institute of Technology,Salem,BIOMED,BM,60,No,Yes,Yes,OC/BC/MBC/SC/ST
888,2349,Dhaanish Ahmed Institute of Technology,Salem,FASHION,FD,60,No,Yes,Yes,OC/BC/MBC/SC/ST
889,2349,Dhaanish Ahmed Institute of Technology,Salem,RUBBER,RM,60,No,Yes,Yes,OC/BC/MBC/SC/ST
890,2349,Dhaanish Ahmed Institute of Technology,Salem,AI&DS,AD,60,No,Yes,Yes,OC/BC/MBC/SC/ST
891,2354,Pollachi Institute of Engineering and Technology,Coimbatore,CIVIL,CE,60,No,Yes,Yes,OC/BC/MBC/SC/ST
892,2354,Pollachi Institute of Engineering and Technology,Coimbatore,CSE,CS,60,No,Yes,Yes,OC/BC/MBC/SC/ST
893,2354,Pollachi Institute of Engineering and Technology,Coimbatore,ECE,EC,60,No,Yes,Yes,OC/BC/MBC/SC/ST
894,2354,Pollachi Institute of Engineering and Technology,Coimbatore,EEE,EE,60,No,Yes,Yes,OC/BC/MBC/SC/ST
895,2354,Pollachi Institute of Engineering and Technology,Coimbatore,MECH,ME,60,No,Yes,Yes,OC/BC/MBC/SC/ST
896,2355,Cheran College of Engineering,Pincode,CSE,CS,60,Hostel,Yes,Yes,OC/BC/MBC/SC/ST
897,2355,Cheran College of Engineering,Pincode,CIVIL,CE,60,Hostel,Yes,Yes,OC/BC/MBC/SC/ST
898,2355,Cheran College of Engineering,Pincode,ECE,EC,60,Hostel,Yes,Yes,OC/BC/MBC/SC/ST
899,2355,Cheran College of Engineering,Pincode,EEE,EE,60,Hostel,Yes,Yes,OC/BC/MBC/SC/ST
900,2355,Cheran College of Engineering,Pincode,MECH,ME,60,Hostel,Yes,Yes,OC/BC/MBC/SC/ST
901,2356,Arulmurugan College of Engineering,Coimbatore,CIVIL,CE,30,No,Yes,Yes,OC/BC/MBC/SC/ST
902,2356,Arulmurugan College of Engineering,Coimbatore,CSE,CS,60,No,Yes,Yes,OC/BC/MBC/SC/ST
903,2356,Arulmurugan College of Engineering,Coimbatore,ECE,EC,30,No,Yes,Yes,OC/BC/MBC/SC/ST
904,2356,Arulmurugan College of Engineering,Coimbatore,EEE,EE,30,No,Yes,Yes,OC/BC/MBC/SC/ST
905,2356,Arulmurugan College of Engineering,Coimbatore,MECH,ME,60,No,Yes,Yes,OC/BC/MBC/SC/ST
906,2360,Suguna College of Engineering,Karur,CSE,CS,60,No,Yes,Yes,OC/BC/MBC/SC/ST
907,2360,Suguna College of Engineering,Karur,ECE,EC,60,No,Yes,Yes,OC/BC/MBC/SC/ST
908,2360,Suguna College of Engineering,Karur,MECH,ME,60,No,Yes,Yes,OC/BC/MBC/SC/ST
909,2360,Suguna College of Engineering,Karur,MECHATRONICS,MC,60,No,Yes,Yes,OC/BC/MBC/SC/ST
910,2361,Sasi Creative School of Archiecture,Coimbatore,ARCH,AR,80,No,Yes,Yes,OC/BC/MBC/SC/ST
911,2364,School Of Architecture Coimbatore Institute Of Engineering And Technology,Coimbatore,ARCH,AR,40,No,Yes,Yes,OC/BC/MBC/SC/ST
912,2365,Nehru School of Architecture,Coimbatore,ARCH,AR,40,No,Yes,Yes,OC/BC/MBC/SC/ST
913,2367,Arjun College of Technology,Coimbatore,CIVIL,CE,30,No,Yes,Yes,OC/BC/MBC/SC/ST
914,2367,Arjun College of Technology,Coimbatore,CSE,CS,60,No,Yes,Yes,OC/BC/MBC/SC/ST
915,2367,Arjun College of Technology,Coimbatore,ECE,EC,30,No,Yes,Yes,OC/BC/MBC/SC/ST
916,2367,Arjun College of Technology,Coimbatore,MECH,ME,60,No,Yes,Yes,OC/BC/MBC/SC/ST
917,2367,Arjun College of Technology,Coimbatore,MECHATRONICS,MC,60,No,Yes,Yes,OC/BC/MBC/SC/ST
918,2369,Government College of Engineering,Coimbatore,CIVIL,CE,60,No,Yes,No,OC/BC/MBC/SC/ST
919,2369,Government College of Engineering,Coimbatore,CSE,CS,60,No,Yes,No,OC/BC/MBC/SC/ST
920,2369,Government College of Engineering,Coimbatore,ECE,EC,60,No,Yes,No,OC/BC/MBC/SC/ST
921,2369,Government College of Engineering,Coimbatore,EEE,EE,60,No,Yes,No,OC/BC/MBC/SC/ST
922,2369,Government College of Engineering,Coimbatore,MECH,ME,60,No,Yes,No,OC/BC/MBC/SC/ST
923,2372,Park Institute of Architecture,Coimbatore,ARCH,AR,20,No,Yes,Yes,OC/BC/MBC/SC/ST
924,2373,Hindusthan School of Architecture,Dharmapuri,ARCH,AR,40,No,Yes,Yes,OC/BC/MBC/SC/ST
925,2376,Rathinam School of Architecture,Coimbatore,ARCH,AR,40,No,Yes,Yes,OC/BC/MBC/SC/ST
926,2377,PSG Institute of Technology and Applied Research,Coimbatore,CIVIL,CE,60,No,Yes,Yes,OC/BC/MBC/SC/ST
927,2377,PSG Institute of Technology and Applied Research,Coimbatore,CSE,CS,60,No,Yes,Yes,OC/BC/MBC/SC/ST
928,2377,PSG Institute of Technology and Applied Research,Coimbatore,EEE,EE,60,No,Yes,Yes,OC/BC/MBC/SC/ST
929,2377,PSG Institute of Technology and Applied Research,Coimbatore,ECE,EC,60,No,Yes,Yes,OC/BC/MBC/SC/ST
930,2377,PSG Institute of Technology and Applied Research,Coimbatore,MECH,ME,60,No,Yes,Yes,OC/BC/MBC/SC/ST
931,2601,Adhiyamaan College of Engineering (Autonomous),Coimbatore,AERO,AE,60,No,Yes,Yes,OC/BC/MBC/SC/ST
932,2601,Adhiyamaan College of Engineering (Autonomous),Coimbatore,ARCH,AR,120,No,Yes,Yes,OC/BC/MBC/SC/ST
933,2601,Adhiyamaan College of Engineering (Autonomous),Coimbatore,BIOMED,BM,60,No,Yes,Yes,OC/BC/MBC/SC/ST
934,2601,Adhiyamaan College of Engineering (Autonomous),Coimbatore,BIOTECH,BT,60,No,Yes,Yes,OC/BC/MBC/SC/ST
935,2601,Adhiyamaan College of Engineering (Autonomous),Coimbatore,CIVIL,CE,60,No,Yes,Yes,OC/BC/MBC/SC/ST
936,2601,Adhiyamaan College of Engineering (Autonomous),Coimbatore,CHEM,CH,60,No,Yes,Yes,OC/BC/MBC/SC/ST
937,2601,Adhiyamaan College of Engineering (Autonomous),Coimbatore,CSE,CS,180,No,Yes,Yes,OC/BC/MBC/SC/ST
938,2601,Adhiyamaan College of Engineering (Autonomous),Coimbatore,ECE,EC,180,No,Yes,Yes,OC/BC/MBC/SC/ST
939,2601,Adhiyamaan College of Engineering (Autonomous),Coimbatore,EEE,EE,60,No,Yes,Yes,OC/BC/MBC/SC/ST
940,2601,Adhiyamaan College of Engineering (Autonomous),Coimbatore,IT,IT,60,No,Yes,Yes,OC/BC/MBC/SC/ST
941,2601,Adhiyamaan College of Engineering (Autonomous),Coimbatore,MECH,ME,120,No,Yes,Yes,OC/BC/MBC/SC/ST
942,2602,Annai Mathammal Sheela Enginereing College,Coimbatore,CSE,CS,60,No,Yes,Yes,OC/BC/MBC/SC/ST
943,2602,Annai Mathammal Sheela Enginereing College,Coimbatore,ECE,EC,60,No,Yes,Yes,OC/BC/MBC/SC/ST
944,2602,Annai Mathammal Sheela Enginereing College,Coimbatore,MECH,ME,60,No,Yes,Yes,OC/BC/MBC/SC/ST
945,2602,Annai Mathammal Sheela Enginereing College,Coimbatore,INDUSTRIAL,IE,60,No,Yes,Yes,OC/BC/MBC/SC/ST
946,2602,Annai Mathammal Sheela Enginereing College,Coimbatore,MD,MD,60,No,Yes,Yes,OC/BC/MBC/SC/ST
947,2603,Government College of Engineering (Autonomous),Krishnagiri,MECH,ME,60,Yes,Yes,No,OC/BC/MBC/SC/ST
948,2603,Government College of Engineering (Autonomous),Krishnagiri,EEE,EE,60,Yes,Yes,No,OC/BC/MBC/SC/ST
949,2603,Government College of Engineering (Autonomous),Krishnagiri,ECE,EC,60,Yes,Yes,No,OC/BC/MBC/SC/ST
950,2603,Government College of Engineering (Autonomous),Krishnagiri,CSE,CS,60,Yes,Yes,No,OC/BC/MBC/SC/ST
951,2606,Jayam College of Engineering and Technology,Namakkal,AERO,AE,30,No,Yes,Yes,OC/BC/MBC/SC/ST
952,2606,Jayam College of Engineering and Technology,Namakkal,CIVIL,CE,90,No,Yes,Yes,OC/BC/MBC/SC/ST
953,2606,Jayam College of Engineering and Technology,Namakkal,CSE,CS,60,No,Yes,Yes,OC/BC/MBC/SC/ST
954,2606,Jayam College of Engineering and Technology,Namakkal,ECE,EC,90,No,Yes,Yes,OC/BC/MBC/SC/ST
955,2606,Jayam College of Engineering and Technology,Namakkal,EEE,EE,30,No,Yes,Yes,OC/BC/MBC/SC/ST
956,2606,Jayam College of Engineering and Technology,Namakkal,MECH,ME,90,No,Yes,Yes,OC/BC/MBC/SC/ST
957,2609,Mahendra Engineering College (Autonomous),Namakkal,AERO,AE,60,Yes,Yes,Yes,OC/BC/MBC/SC/ST
958,2609,Mahendra Engineering College (Autonomous),Namakkal,AGRI,AG,60,Yes,Yes,Yes,OC/BC/MBC/SC/ST
959,2609,Mahendra Engineering College (Autonomous),Namakkal,CIVIL,CE,120,Yes,Yes,Yes,OC/BC/MBC/SC/ST
960,2609,Mahendra Engineering College (Autonomous),Namakkal,CHEM,CH,60,Yes,Yes,Yes,OC/BC/MBC/SC/ST
961,2609,Mahendra Engineering College (Autonomous),Namakkal,CSE,CS,150,Yes,Yes,Yes,OC/BC/MBC/SC/ST
962,2609,Mahendra Engineering College (Autonomous),Namakkal,ECE,EC,150,Yes,Yes,Yes,OC/BC/MBC/SC/ST
963,2609,Mahendra Engineering College (Autonomous),Namakkal,EEE,EE,120,Yes,Yes,Yes,OC/BC/MBC/SC/ST
964,2609,Mahendra Engineering College (Autonomous),Namakkal,FASHION,FD,60,Yes,Yes,Yes,OC/BC/MBC/SC/ST
965,2609,Mahendra Engineering College (Autonomous),Namakkal,IT,IT,120,Yes,Yes,Yes,OC/BC/MBC/SC/ST
966,2609,Mahendra Engineering College (Autonomous),Namakkal,MECHATRONICS,MC,60,Yes,Yes,Yes,OC/BC/MBC/SC/ST
967,2609,Mahendra Engineering College (Autonomous),Namakkal,MECH,ME,120,Yes,Yes,Yes,OC/BC/MBC/SC/ST
968,2609,Mahendra Engineering College (Autonomous),Namakkal,MU,MU,60,Yes,Yes,Yes,OC/BC/MBC/SC/ST
969,2609,Mahendra Engineering College (Autonomous),Namakkal,PH,PH,60,Yes,Yes,Yes,OC/BC/MBC/SC/ST
970,2609,Mahendra Engineering College (Autonomous),Namakkal,AO,AO,60,Yes,Yes,Yes,OC/BC/MBC/SC/ST
971,2609,Mahendra Engineering College (Autonomous),Namakkal,AI&DS,AD,60,Yes,Yes,Yes,OC/BC/MBC/SC/ST
972,2610,Muthayammal Engineering College (Autonomous),Karur,BIOMED,BM,60,Yes,Yes,Yes,OC/BC/MBC/SC/ST
973,2610,Muthayammal Engineering College (Autonomous),Karur,BIOTECH,BT,60,Yes,Yes,Yes,OC/BC/MBC/SC/ST
974,2610,Muthayammal Engineering College (Autonomous),Karur,CIVIL,CE,60,Yes,Yes,Yes,OC/BC/MBC/SC/ST
975,2610,Muthayammal Engineering College (Autonomous),Karur,CSE,CS,180,Yes,Yes,Yes,OC/BC/MBC/SC/ST
976,2610,Muthayammal Engineering College (Autonomous),Karur,ECE,EC,180,Yes,Yes,Yes,OC/BC/MBC/SC/ST
977,2610,Muthayammal Engineering College (Autonomous),Karur,EEE,EE,120,Yes,Yes,Yes,OC/BC/MBC/SC/ST
978,2610,Muthayammal Engineering College (Autonomous),Karur,IT,IT,60,Yes,Yes,Yes,OC/BC/MBC/SC/ST
979,2610,Muthayammal Engineering College (Autonomous),Karur,MECH,ME,120,Yes,Yes,Yes,OC/BC/MBC/SC/ST
980,2610,Muthayammal Engineering College (Autonomous),Karur,AI&DS,AD,60,Yes,Yes,Yes,OC/BC/MBC/SC/ST
981,2610,Muthayammal Engineering College (Autonomous),Karur,RUBBER,RM,30,Yes,Yes,Yes,OC/BC/MBC/SC/ST
982,2611,Paavai Engineering College (Autonomous),Namakkal,AERO,AE,60,Yes,Yes,Yes,OC/BC/MBC/SC/ST
983,2611,Paavai Engineering College (Autonomous),Namakkal,AGRI,AG,120,Yes,Yes,Yes,OC/BC/MBC/SC/ST
984,2611,Paavai Engineering College (Autonomous),Namakkal,BIOMED,BM,60,Yes,Yes,Yes,OC/BC/MBC/SC/ST
985,2611,Paavai Engineering College (Autonomous),Namakkal,CHEM,CH,60,Yes,Yes,Yes,OC/BC/MBC/SC/ST
986,2611,Paavai Engineering College (Autonomous),Namakkal,CIVIL,CE,60,Yes,Yes,Yes,OC/BC/MBC/SC/ST
987,2611,Paavai Engineering College (Autonomous),Namakkal,CSE,CS,120,Yes,Yes,Yes,OC/BC/MBC/SC/ST
988,2611,Paavai Engineering College (Autonomous),Namakkal,ECE,EC,120,Yes,Yes,Yes,OC/BC/MBC/SC/ST
989,2611,Paavai Engineering College (Autonomous),Namakkal,EEE,EE,60,Yes,Yes,Yes,OC/BC/MBC/SC/ST
990,2611,Paavai Engineering College (Autonomous),Namakkal,FASHION,FD,60,Yes,Yes,Yes,OC/BC/MBC/SC/ST
991,2611,Paavai Engineering College (Autonomous),Namakkal,IT,IT,60,Yes,Yes,Yes,OC/BC/MBC/SC/ST
992,2611,Paavai Engineering College (Autonomous),Namakkal,MECHATRONICS,MC,60,Yes,Yes,Yes,OC/BC/MBC/SC/ST
993,2611,Paavai Engineering College (Autonomous),Namakkal,MD,MD,60,Yes,Yes,Yes,OC/BC/MBC/SC/ST
994,2611,Paavai Engineering College (Autonomous),Namakkal,MECH,ME,120,Yes,Yes,Yes,OC/BC/MBC/SC/ST
995,2611,Paavai Engineering College (Autonomous),Namakkal,PH,PH,60,Yes,Yes,Yes,OC/BC/MBC/SC/ST
996,2611,Paavai Engineering College (Autonomous),Namakkal,CY,CY,60,Yes,Yes,Yes,OC/BC/MBC/SC/ST
997,2615,Government College of Engineering (Autonomous),Namakkal,CIVIL,CE,120,Yes,Yes,Yes,OC/BC/MBC/SC/ST
998,2615,Government College of Engineering (Autonomous),Namakkal,CSE,CS,60,Yes,Yes,Yes,OC/BC/MBC/SC/ST
999,2615,Government College of Engineering (Autonomous),Namakkal,ECE,EC,60,Yes,Yes,Yes,OC/BC/MBC/SC/ST
1000,2615,Government College of Engineering (Autonomous),Namakkal,EEE,EE,60,Yes,Yes,Yes,OC/BC/MBC/SC/ST
1001,2615,Government College of Engineering (Autonomous),Namakkal,MECH,ME,120,Yes,Yes,Yes,OC/BC/MBC/SC/ST
1002,2615,Government College of Engineering (Autonomous),Namakkal,MT,MT,60,Yes,Yes,Yes,OC/BC/MBC/SC/ST
1003,2617,Sengunthar Engineering College (Autonomous),Namakkal,CIVIL,CE,60,No,Yes,Yes,OC/BC/MBC/SC/ST
1004,2617,Sengunthar Engineering College (Autonomous),Namakkal,CSE,CS,90,No,Yes,Yes,OC/BC/MBC/SC/ST
1005,2617,Sengunthar Engineering College (Autonomous),Namakkal,ECE,EC,120,No,Yes,Yes,OC/BC/MBC/SC/ST
1006,2617,Sengunthar Engineering College (Autonomous),Namakkal,EEE,EE,90,No,Yes,Yes,OC/BC/MBC/SC/ST
1007,2617,Sengunthar Engineering College (Autonomous),Namakkal,MECH,ME,60,No,Yes,Yes,OC/BC/MBC/SC/ST
1008,2618,Sona College of Technology (Autonomous),Salem,BIOMED,BM,60,Yes,Yes,Yes,OC/BC/MBC/SC/ST
1009,2618,Sona College of Technology (Autonomous),Salem,FT,FT,60,Yes,Yes,Yes,OC/BC/MBC/SC/ST
1010,2618,Sona College of Technology (Autonomous),Salem,MECH,ME,150,Yes,Yes,Yes,OC/BC/MBC/SC/ST
1011,2618,Sona College of Technology (Autonomous),Salem,MECHATRONICS,MC,60,Yes,Yes,Yes,OC/BC/MBC/SC/ST
1012,2618,Sona College of Technology (Autonomous),Salem,CIVIL,CE,90,Yes,Yes,Yes,OC/BC/MBC/SC/ST
1013,2618,Sona College of Technology (Autonomous),Salem,CSE,CS,180,Yes,Yes,Yes,OC/BC/MBC/SC/ST
1014,2618,Sona College of Technology (Autonomous),Salem,ECE,EC,150,Yes,Yes,Yes,OC/BC/MBC/SC/ST
1015,2618,Sona College of Technology (Autonomous),Salem,EEE,EE,120,Yes,Yes,Yes,OC/BC/MBC/SC/ST
1016,2618,Sona College of Technology (Autonomous),Salem,IT,IT,120,Yes,Yes,Yes,OC/BC/MBC/SC/ST
1017,2620,Vivekanandha College of Engineering for Women (Autonomous),Namakkal,BIOTECH,BT,60,Yes,No,Yes,OC/BC/MBC/SC/ST
1018,2620,Vivekanandha College of Engineering for Women (Autonomous),Namakkal,CSE,CS,120,Yes,No,Yes,OC/BC/MBC/SC/ST
1019,2620,Vivekanandha College of Engineering for Women (Autonomous),Namakkal,TS,TS,60,Yes,No,Yes,OC/BC/MBC/SC/ST
1020,2620,Vivekanandha College of Engineering for Women (Autonomous),Namakkal,ECE,EC,120,Yes,No,Yes,OC/BC/MBC/SC/ST
1021,2620,Vivekanandha College of Engineering for Women (Autonomous),Namakkal,EEE,EE,60,Yes,No,Yes,OC/BC/MBC/SC/ST
1022,2620,Vivekanandha College of Engineering for Women (Autonomous),Namakkal,IT,IT,60,Yes,No,Yes,OC/BC/MBC/SC/ST
1023,2620,Vivekanandha College of Engineering for Women (Autonomous),Namakkal,BIOMED,BM,60,Yes,No,Yes,OC/BC/MBC/SC/ST
1024,2621,Er. Perumal Manimekalai College of Engineering,Salem,AERO,AE,60,Yes,Yes,Yes,OC/BC/MBC/SC/ST
1025,2621,Er. Perumal Manimekalai College of Engineering,Salem,CIVIL,CE,60,Yes,Yes,Yes,OC/BC/MBC/SC/ST
1026,2621,Er. Perumal Manimekalai College of Engineering,Salem,CSE,CS,60,Yes,Yes,Yes,OC/BC/MBC/SC/ST
1027,2621,Er. Perumal Manimekalai College of Engineering,Salem,ECE,EC,120,Yes,Yes,Yes,OC/BC/MBC/SC/ST
1028,2621,Er. Perumal Manimekalai College of Engineering,Salem,EEE,EE,60,Yes,Yes,Yes,OC/BC/MBC/SC/ST
1029,2621,Er. Perumal Manimekalai College of Engineering,Salem,IT,IT,60,Yes,Yes,Yes,OC/BC/MBC/SC/ST
1030,2621,Er. Perumal Manimekalai College of Engineering,Salem,MECHATRONICS,MC,60,Yes,Yes,Yes,OC/BC/MBC/SC/ST
1031,2621,Er. Perumal Manimekalai College of Engineering,Salem,MECH,ME,120,Yes,Yes,Yes,OC/BC/MBC/SC/ST
1032,2623,Mahendra College of Engineering,Krishnagiri,BIOMED,BM,60,No,Yes,Yes,OC/BC/MBC/SC/ST
1033,2623,Mahendra College of Engineering,Krishnagiri,CSE,CS,150,No,Yes,Yes,OC/BC/MBC/SC/ST
1034,2623,Mahendra College of Engineering,Krishnagiri,ECE,EC,150,No,Yes,Yes,OC/BC/MBC/SC/ST
1035,2623,Mahendra College of Engineering,Krishnagiri,EEE,EE,60,No,Yes,Yes,OC/BC/MBC/SC/ST
1036,2623,Mahendra College of Engineering,Krishnagiri,IT,IT,60,No,Yes,Yes,OC/BC/MBC/SC/ST
1037,2623,Mahendra College of Engineering,Krishnagiri,MECH,ME,120,No,Yes,Yes,OC/BC/MBC/SC/ST
1038,2624,Gnanamani College of Technology,Karur,BIOTECH,BT,60,No,Yes,Yes,OC/BC/MBC/SC/ST
1039,2624,Gnanamani College of Technology,Karur,CSE,CS,120,No,Yes,Yes,OC/BC/MBC/SC/ST
1040,2624,Gnanamani College of Technology,Karur,BIOMED,BM,120,No,Yes,Yes,OC/BC/MBC/SC/ST
1041,2624,Gnanamani College of Technology,Karur,CHEM,CH,60,No,Yes,Yes,OC/BC/MBC/SC/ST
1042,2624,Gnanamani College of Technology,Karur,FASHION,FD,60,No,Yes,Yes,OC/BC/MBC/SC/ST
1043,2624,Gnanamani College of Technology,Karur,AGRI,AG,120,No,Yes,Yes,OC/BC/MBC/SC/ST
1044,2624,Gnanamani College of Technology,Karur,RUBBER,RM,60,No,Yes,Yes,OC/BC/MBC/SC/ST
1045,2624,Gnanamani College of Technology,Karur,PH,PH,60,No,Yes,Yes,OC/BC/MBC/SC/ST
1046,2624,Gnanamani College of Technology,Karur,IT,IT,60,No,Yes,Yes,OC/BC/MBC/SC/ST
1047,2624,Gnanamani College of Technology,Karur,ECE,EC,120,No,Yes,Yes,OC/BC/MBC/SC/ST
1048,2624,Gnanamani College of Technology,Karur,EEE,EE,60,No,Yes,Yes,OC/BC/MBC/SC/ST
1049,2624,Gnanamani College of Technology,Karur,MECH,ME,120,No,Yes,Yes,OC/BC/MBC/SC/ST
1050,2625,The Kavery Engineering College,Salem,CIVIL,CE,60,No,Yes,Yes,OC/BC/MBC/SC/ST
1051,2625,The Kavery Engineering College,Salem,CSE,CS,120,No,Yes,Yes,OC/BC/MBC/SC/ST
1052,2625,The Kavery Engineering College,Salem,ECE,EC,60,No,Yes,Yes,OC/BC/MBC/SC/ST
1053,2625,The Kavery Engineering College,Salem,EEE,EE,120,No,Yes,Yes,OC/BC/MBC/SC/ST
1054,2625,The Kavery Engineering College,Salem,MECH,ME,120,No,Yes,Yes,OC/BC/MBC/SC/ST
1055,2625,The Kavery Engineering College,Salem,AGRI,AG,60,No,Yes,Yes,OC/BC/MBC/SC/ST
1056,2625,The Kavery Engineering College,Salem,BIOMED,BM,60,No,Yes,Yes,OC/BC/MBC/SC/ST
1057,2625,The Kavery Engineering College,Salem,CHEM,CH,60,No,Yes,Yes,OC/BC/MBC/SC/ST
1058,2625,The Kavery Engineering College,Salem,IT,IT,60,No,Yes,Yes,OC/BC/MBC/SC/ST
1059,2627,Selvam College of Technology,Namakkal,BIOTECH,BT,60,No,Yes,Yes,OC/BC/MBC/SC/ST
1060,2627,Selvam College of Technology,Namakkal,CIVIL,CE,60,No,Yes,Yes,OC/BC/MBC/SC/ST
1061,2627,Selvam College of Technology,Namakkal,CSE,CS,60,No,Yes,Yes,OC/BC/MBC/SC/ST
1062,2627,Selvam College of Technology,Namakkal,ECE,EC,120,No,Yes,Yes,OC/BC/MBC/SC/ST
1063,2627,Selvam College of Technology,Namakkal,EEE,EE,60,No,Yes,Yes,OC/BC/MBC/SC/ST
1064,2627,Selvam College of Technology,Namakkal,MECH,ME,120,No,Yes,Yes,OC/BC/MBC/SC/ST
1065,2628,Paavai College of Engineering,Salem,AUTO,AU,60,No,Yes,Yes,OC/BC/MBC/SC/ST
1066,2628,Paavai College of Engineering,Salem,BIOMED,BM,60,No,Yes,Yes,OC/BC/MBC/SC/ST
1067,2628,Paavai College of Engineering,Salem,CSE,CS,120,No,Yes,Yes,OC/BC/MBC/SC/ST
1068,2628,Paavai College of Engineering,Salem,EEE,EE,60,No,Yes,Yes,OC/BC/MBC/SC/ST
1069,2628,Paavai College of Engineering,Salem,MECH,ME,60,No,Yes,Yes,OC/BC/MBC/SC/ST
1070,2628,Paavai College of Engineering,Salem,FT,FT,60,No,Yes,Yes,OC/BC/MBC/SC/ST
1071,2628,Paavai College of Engineering,Salem,AI&DS,AD,60,No,Yes,Yes,OC/BC/MBC/SC/ST
1072,2629,Sengunthar College of Engineering,Namakkal,IT,IT,60,No,Yes,Yes,OC/BC/MBC/SC/ST
1073,2629,Sengunthar College of Engineering,Namakkal,RUBBER,RM,60,No,Yes,Yes,OC/BC/MBC/SC/ST
1074,2629,Sengunthar College of Engineering,Namakkal,MD,MD,120,No,Yes,Yes,OC/BC/MBC/SC/ST
1075,2630,Chettinad College of Engineering and Technology,Namakkal,CSE,CS,60,No,Yes,Yes,OC/BC/MBC/SC/ST
1076,2630,Chettinad College of Engineering and Technology,Namakkal,ECE,EC,60,No,Yes,Yes,OC/BC/MBC/SC/ST
1077,2630,Chettinad College of Engineering and Technology,Namakkal,EEE,EE,60,No,Yes,Yes,OC/BC/MBC/SC/ST
1078,2630,Chettinad College of Engineering and Technology,Namakkal,MECH,ME,60,No,Yes,Yes,OC/BC/MBC/SC/ST
1079,2632,Mahendra Institute of Technology (Autonomous),Namakkal,AUTO,AU,60,No,Yes,Yes,OC/BC/MBC/SC/ST
1080,2632,Mahendra Institute of Technology (Autonomous),Namakkal,BIOMED,BM,60,No,Yes,Yes,OC/BC/MBC/SC/ST
1081,2632,Mahendra Institute of Technology (Autonomous),Namakkal,CSE,CS,120,No,Yes,Yes,OC/BC/MBC/SC/ST
1082,2632,Mahendra Institute of Technology (Autonomous),Namakkal,ECE,EC,120,No,Yes,Yes,OC/BC/MBC/SC/ST
1083,2632,Mahendra Institute of Technology (Autonomous),Namakkal,EEE,EE,120,No,Yes,Yes,OC/BC/MBC/SC/ST
1084,2632,Mahendra Institute of Technology (Autonomous),Namakkal,IT,IT,60,No,Yes,Yes,OC/BC/MBC/SC/ST
1085,2632,Mahendra Institute of Technology (Autonomous),Namakkal,MECH,ME,120,No,Yes,Yes,OC/BC/MBC/SC/ST
1086,2632,Mahendra Institute of Technology (Autonomous),Namakkal,CIVIL,CE,60,No,Yes,Yes,OC/BC/MBC/SC/ST
1087,2633,Vidhya Vikkas College of Engineering and Technology,Karur,CIVIL,CE,60,No,Yes,Yes,OC/BC/MBC/SC/ST
1088,2633,Vidhya Vikkas College of Engineering and Technology,Karur,CSE,CS,60,No,Yes,Yes,OC/BC/MBC/SC/ST
1089,2633,Vidhya Vikkas College of Engineering and Technology,Karur,ECE,EC,120,No,Yes,Yes,OC/BC/MBC/SC/ST
1090,2633,Vidhya Vikkas College of Engineering and Technology,Karur,EEE,EE,60,No,Yes,Yes,OC/BC/MBC/SC/ST
1091,2633,Vidhya Vikkas College of Engineering and Technology,Karur,MECH,ME,120,No,Yes,Yes,OC/BC/MBC/SC/ST
1092,2634,Excel Engineering College (Autonomous),Namakkal,AERO,AE,120,Yes,Yes,Yes,OC/BC/MBC/SC/ST
1093,2634,Excel Engineering College (Autonomous),Namakkal,AGRI,AG,60,Yes,Yes,Yes,OC/BC/MBC/SC/ST
1094,2634,Excel Engineering College (Autonomous),Namakkal,AI&DS,AD,60,Yes,Yes,Yes,OC/BC/MBC/SC/ST
1095,2634,Excel Engineering College (Autonomous),Namakkal,BIOMED,BM,60,Yes,Yes,Yes,OC/BC/MBC/SC/ST
1096,2634,Excel Engineering College (Autonomous),Namakkal,CSE,CS,120,Yes,Yes,Yes,OC/BC/MBC/SC/ST
1097,2634,Excel Engineering College (Autonomous),Namakkal,CIVIL,CE,60,Yes,Yes,Yes,OC/BC/MBC/SC/ST
1098,2634,Excel Engineering College (Autonomous),Namakkal,ECE,EC,120,Yes,Yes,Yes,OC/BC/MBC/SC/ST
1099,2634,Excel Engineering College (Autonomous),Namakkal,FASHION,FD,60,Yes,Yes,Yes,OC/BC/MBC/SC/ST
1100,2634,Excel Engineering College (Autonomous),Namakkal,MECH,ME,120,Yes,Yes,Yes,OC/BC/MBC/SC/ST
1101,2634,Excel Engineering College (Autonomous),Namakkal,IT,IT,60,Yes,Yes,Yes,OC/BC/MBC/SC/ST
1102,2634,Excel Engineering College (Autonomous),Namakkal,SF,SF,60,Yes,Yes,Yes,OC/BC/MBC/SC/ST
1103,2638,Mahendra Engineering College for Women,Namakkal,CSE,CS,120,No,No,Yes,OC/BC/MBC/SC/ST
1104,2638,Mahendra Engineering College for Women,Namakkal,ECE,EC,120,No,No,Yes,OC/BC/MBC/SC/ST
1105,2638,Mahendra Engineering College for Women,Namakkal,EEE,EE,60,No,No,Yes,OC/BC/MBC/SC/ST
1106,2638,Mahendra Engineering College for Women,Namakkal,ET,ET,60,No,No,Yes,OC/BC/MBC/SC/ST
1107,2638,Mahendra Engineering College for Women,Namakkal,IT,IT,60,No,No,Yes,OC/BC/MBC/SC/ST
1108,2639,Narasus Sarathy Institute of Technology,Salem,CSE,CS,120,No,Yes,Yes,OC/BC/MBC/SC/ST
1109,2639,Narasus Sarathy Institute of Technology,Salem,ECE,EC,60,No,Yes,Yes,OC/BC/MBC/SC/ST
1110,2639,Narasus Sarathy Institute of Technology,Salem,EEE,EE,60,No,Yes,Yes,OC/BC/MBC/SC/ST
1111,2639,Narasus Sarathy Institute of Technology,Salem,IT,IT,60,No,Yes,Yes,OC/BC/MBC/SC/ST
1112,2639,Narasus Sarathy Institute of Technology,Salem,MECH,ME,60,No,Yes,Yes,OC/BC/MBC/SC/ST
1113,2640,Jayalakshmi Institute of Technology,Namakkal,AI&DS,AD,60,No,Yes,Yes,OC/BC/MBC/SC/ST
1114,2640,Jayalakshmi Institute of Technology,Namakkal,CIVIL,CE,60,No,Yes,Yes,OC/BC/MBC/SC/ST
1115,2640,Jayalakshmi Institute of Technology,Namakkal,EEE,EE,60,No,Yes,Yes,OC/BC/MBC/SC/ST
1116,2640,Jayalakshmi Institute of Technology,Namakkal,ECE,EC,60,No,Yes,Yes,OC/BC/MBC/SC/ST
1117,2640,Jayalakshmi Institute of Technology,Namakkal,CSE,CS,120,No,Yes,Yes,OC/BC/MBC/SC/ST
1118,2640,Jayalakshmi Institute of Technology,Namakkal,MECH,ME,120,No,Yes,Yes,OC/BC/MBC/SC/ST
1119,2641,Varuvan Vadivelan Institute of Technology,Salem,CIVIL,CE,60,No,Yes,Yes,OC/BC/MBC/SC/ST
1120,2641,Varuvan Vadivelan Institute of Technology,Salem,CSE,CS,60,No,Yes,Yes,OC/BC/MBC/SC/ST
1121,2641,Varuvan Vadivelan Institute of Technology,Salem,EEE,EE,60,No,Yes,Yes,OC/BC/MBC/SC/ST
1122,2641,Varuvan Vadivelan Institute of Technology,Salem,ECE,EC,60,No,Yes,Yes,OC/BC/MBC/SC/ST
1123,2641,Varuvan Vadivelan Institute of Technology,Salem,MECH,ME,120,No,Yes,Yes,OC/BC/MBC/SC/ST
1124,2643,Bharathiyar Institute of Engineering for Women,Dharmapuri,CSE,CS,120,No,No,Yes,OC/BC/MBC/SC/ST
1125,2643,Bharathiyar Institute of Engineering for Women,Dharmapuri,ECE,EC,120,No,No,Yes,OC/BC/MBC/SC/ST
1126,2643,Bharathiyar Institute of Engineering for Women,Dharmapuri,EEE,EE,60,No,No,Yes,OC/BC/MBC/SC/ST
1127,2646,Tagore Institute of Engineering and Technology,Krishnagiri,CIVIL,CE,60,No,Yes,Yes,OC/BC/MBC/SC/ST
1128,2646,Tagore Institute of Engineering and Technology,Krishnagiri,CSE,CS,60,No,Yes,Yes,OC/BC/MBC/SC/ST
1129,2646,Tagore Institute of Engineering and Technology,Krishnagiri,ECE,EC,60,No,Yes,Yes,OC/BC/MBC/SC/ST
1130,2646,Tagore Institute of Engineering and Technology,Krishnagiri,EEE,EE,60,No,Yes,Yes,OC/BC/MBC/SC/ST
1131,2646,Tagore Institute of Engineering and Technology,Krishnagiri,MECH,ME,120,No,Yes,Yes,OC/BC/MBC/SC/ST
1132,2648,Annapoorana Engineering College,Salem,AUTO,AU,60,No,Yes,Yes,OC/BC/MBC/SC/ST
1133,2648,Annapoorana Engineering College,Salem,CIVIL,CE,60,No,Yes,Yes,OC/BC/MBC/SC/ST
1134,2648,Annapoorana Engineering College,Salem,CSE,CS,60,No,Yes,Yes,OC/BC/MBC/SC/ST
1135,2648,Annapoorana Engineering College,Salem,MECH,ME,60,No,Yes,Yes,OC/BC/MBC/SC/ST
1136,2648,Annapoorana Engineering College,Salem,EEE,EE,60,No,Yes,Yes,OC/BC/MBC/SC/ST
1137,2648,Annapoorana Engineering College,Salem,ECE,EC,60,No,Yes,Yes,OC/BC/MBC/SC/ST
1138,2650,Christ the King Engineering College,Namakkal,CIVIL,CE,30,No,Yes,Yes,OC/BC/MBC/SC/ST
1139,2650,Christ the King Engineering College,Namakkal,CSE,CS,60,No,Yes,Yes,OC/BC/MBC/SC/ST
1140,2650,Christ the King Engineering College,Namakkal,ECE,EC,60,No,Yes,Yes,OC/BC/MBC/SC/ST
1141,2650,Christ the King Engineering College,Namakkal,EEE,EE,30,No,Yes,Yes,OC/BC/MBC/SC/ST
1142,2650,Christ the King Engineering College,Namakkal,MECH,ME,60,No,Yes,Yes,OC/BC/MBC/SC/ST
1143,2651,Jai Shriram Engineering College,Salem,MECH,ME,60,No,Yes,Yes,OC/BC/MBC/SC/ST
1144,2651,Jai Shriram Engineering College,Salem,EEE,EE,60,No,Yes,Yes,OC/BC/MBC/SC/ST
1145,2651,Jai Shriram Engineering College,Salem,ECE,EC,60,No,Yes,Yes,OC/BC/MBC/SC/ST
1146,2651,Jai Shriram Engineering College,Salem,CSE,CS,60,No,Yes,Yes,OC/BC/MBC/SC/ST
1147,2651,Jai Shriram Engineering College,Salem,CIVIL,CE,60,No,Yes,Yes,OC/BC/MBC/SC/ST
1148,2651,Jai Shriram Engineering College,Salem,FT,FT,60,No,Yes,Yes,OC/BC/MBC/SC/ST
1149,2651,Jai Shriram Engineering College,Salem,AI&DS,AD,60,No,Yes,Yes,OC/BC/MBC/SC/ST
1150,2652,Al-Ameen Engineering College (Autonomous),Coimbatore,CIVIL,CE,30,No,Yes,Yes,OC/BC/MBC/SC/ST
1151,2652,Al-Ameen Engineering College (Autonomous),Coimbatore,CSE,CS,60,No,Yes,Yes,OC/BC/MBC/SC/ST
1152,2652,Al-Ameen Engineering College (Autonomous),Coimbatore,EEE,EE,30,No,Yes,Yes,OC/BC/MBC/SC/ST
1153,2652,Al-Ameen Engineering College (Autonomous),Coimbatore,ECE,EC,30,No,Yes,Yes,OC/BC/MBC/SC/ST
1154,2652,Al-Ameen Engineering College (Autonomous),Coimbatore,MECH,ME,60,No,Yes,Yes,OC/BC/MBC/SC/ST
1155,2652,Al-Ameen Engineering College (Autonomous),Coimbatore,IT,IT,30,No,Yes,Yes,OC/BC/MBC/SC/ST
1156,2653,Knowledge Institute of Technology,Tiruppur,AI&DS,AD,60,No,Yes,Yes,OC/BC/MBC/SC/ST
1157,2653,Knowledge Institute of Technology,Tiruppur,CSE,CS,180,No,Yes,Yes,OC/BC/MBC/SC/ST
1158,2653,Knowledge Institute of Technology,Tiruppur,CS&BUSINESS,CB,60,No,Yes,Yes,OC/BC/MBC/SC/ST
1159,2653,Knowledge Institute of Technology,Tiruppur,CIVIL,CE,30,No,Yes,Yes,OC/BC/MBC/SC/ST
1160,2653,Knowledge Institute of Technology,Tiruppur,ECE,EC,120,No,Yes,Yes,OC/BC/MBC/SC/ST
1161,2653,Knowledge Institute of Technology,Tiruppur,EEE,EE,60,No,Yes,Yes,OC/BC/MBC/SC/ST
1162,2653,Knowledge Institute of Technology,Tiruppur,IT,IT,60,No,Yes,Yes,OC/BC/MBC/SC/ST
1163,2653,Knowledge Institute of Technology,Tiruppur,MECH,ME,120,No,Yes,Yes,OC/BC/MBC/SC/ST
1164,2656,Builders engineering college,Erode,CIVIL,CE,60,Yes,Yes,Yes,OC/BC/MBC/SC/ST
1165,2656,Builders engineering college,Erode,CSE,CS,60,Yes,Yes,Yes,OC/BC/MBC/SC/ST
1166,2656,Builders engineering college,Erode,ECE,EC,60,Yes,Yes,Yes,OC/BC/MBC/SC/ST
1167,2656,Builders engineering college,Erode,EEE,EE,60,Yes,Yes,Yes,OC/BC/MBC/SC/ST
1168,2656,Builders engineering college,Erode,MECH,ME,60,Yes,Yes,Yes,OC/BC/MBC/SC/ST
1169,2656,Builders engineering college,Erode,AI&DS,AD,30,Yes,Yes,Yes,OC/BC/MBC/SC/ST
1170,2657,Paavai College of Technology,Salem,BIOTECH,BT,60,No,Yes,Yes,OC/BC/MBC/SC/ST
1171,2657,Paavai College of Technology,Salem,CSE,CS,60,No,Yes,Yes,OC/BC/MBC/SC/ST
1172,2657,Paavai College of Technology,Salem,CIVIL,CE,60,No,Yes,Yes,OC/BC/MBC/SC/ST
1173,2657,Paavai College of Technology,Salem,RUBBER,RM,60,No,Yes,Yes,OC/BC/MBC/SC/ST
1174,2657,Paavai College of Technology,Salem,ECE,EC,60,No,Yes,Yes,OC/BC/MBC/SC/ST
1175,2657,Paavai College of Technology,Salem,MECH,ME,60,No,Yes,Yes,OC/BC/MBC/SC/ST
1176,2659,Salem College of Engineering and Technology,Namakkal,BIOMED,BM,60,No,Yes,Yes,OC/BC/MBC/SC/ST
1177,2659,Salem College of Engineering and Technology,Namakkal,MECH,ME,120,No,Yes,Yes,OC/BC/MBC/SC/ST
1178,2659,Salem College of Engineering and Technology,Namakkal,CIVIL,CE,60,No,Yes,Yes,OC/BC/MBC/SC/ST
1179,2659,Salem College of Engineering and Technology,Namakkal,ECE,EC,60,No,Yes,Yes,OC/BC/MBC/SC/ST
1180,2659,Salem College of Engineering and Technology,Namakkal,CSE,CS,60,No,Yes,Yes,OC/BC/MBC/SC/ST
1181,2659,Salem College of Engineering and Technology,Namakkal,EEE,EE,60,No,Yes,Yes,OC/BC/MBC/SC/ST
1182,2661,Vivekanandha College of Technology for Women,Salem,CIVIL,CE,60,No,Permanent,Min,OC/BC/MBC/SC/ST
1183,2661,Vivekanandha College of Technology for Women,Salem,CSE,CS,120,No,Permanent,Min,OC/BC/MBC/SC/ST
1184,2661,Vivekanandha College of Technology for Women,Salem,ECE,EC,60,No,Permanent,Min,OC/BC/MBC/SC/ST
1185,2661,Vivekanandha College of Technology for Women,Salem,EEE,EE,60,No,Permanent,Min,OC/BC/MBC/SC/ST
1186,2661,Vivekanandha College of Technology for Women,Salem,IT,IT,60,No,Permanent,Min,OC/BC/MBC/SC/ST
1187,2662,Dr. Nagarathinams College of Engineering,Salem,CIVIL,CE,60,No,Yes,Yes,OC/BC/MBC/SC/ST
1188,2662,Dr. Nagarathinams College of Engineering,Salem,CSE,CS,30,No,Yes,Yes,OC/BC/MBC/SC/ST
1189,2662,Dr. Nagarathinams College of Engineering,Salem,ECE,EC,30,No,Yes,Yes,OC/BC/MBC/SC/ST
1190,2662,Dr. Nagarathinams College of Engineering,Salem,EEE,EE,60,No,Yes,Yes,OC/BC/MBC/SC/ST
1191,2662,Dr. Nagarathinams College of Engineering,Salem,MECH,ME,60,No,Yes,Yes,OC/BC/MBC/SC/ST
1192,2665,Mahendra Institute of Engineering and Technology,Namakkal,AERO,AE,60,No,Yes,Yes,OC/BC/MBC/SC/ST
1193,2665,Mahendra Institute of Engineering and Technology,Namakkal,CIVIL,CE,60,No,Yes,Yes,OC/BC/MBC/SC/ST
1194,2665,Mahendra Institute of Engineering and Technology,Namakkal,MECH,ME,120,No,Yes,Yes,OC/BC/MBC/SC/ST
1195,2665,Mahendra Institute of Engineering and Technology,Namakkal,PD,PD,120,No,Yes,Yes,OC/BC/MBC/SC/ST
1196,2665,Mahendra Institute of Engineering and Technology,Namakkal,CSE,CS,120,No,Yes,Yes,OC/BC/MBC/SC/ST
1197,2673,Sree Sakthi Engineering College,Namakkal,CIVIL,CE,30,No,Yes,Yes,OC/BC/MBC/SC/ST
1198,2673,Sree Sakthi Engineering College,Namakkal,ECE,EC,60,No,Yes,Yes,OC/BC/MBC/SC/ST
1199,2673,Sree Sakthi Engineering College,Namakkal,EEE,EE,30,No,Yes,Yes,OC/BC/MBC/SC/ST
1200,2673,Sree Sakthi Engineering College,Namakkal,MECH,ME,90,No,Yes,Yes,OC/BC/MBC/SC/ST
1201,2673,Sree Sakthi Engineering College,Namakkal,CSE,CS,60,No,Yes,Yes,OC/BC/MBC/SC/ST
1202,2683,Shreenivasa Engineering College,Namakkal,AGRI,AG,60,No,Yes,Yes,OC/BC/MBC/SC/ST
1203,2683,Shreenivasa Engineering College,Namakkal,BIOMED,BM,60,No,Yes,Yes,OC/BC/MBC/SC/ST
1204,2683,Shreenivasa Engineering College,Namakkal,MECH,ME,60,No,Yes,Yes,OC/BC/MBC/SC/ST
1205,2683,Shreenivasa Engineering College,Namakkal,EEE,EE,60,No,Yes,Yes,OC/BC/MBC/SC/ST
1206,2683,Shreenivasa Engineering College,Namakkal,CSE,CS,60,No,Yes,Yes,OC/BC/MBC/SC/ST
1207,2702,Bannari Amman Institute of Technology (Autonomous),Coimbatore,AERO,AE,30,No,Yes,Yes,OC/BC/MBC/SC/ST
1208,2702,Bannari Amman Institute of Technology (Autonomous),Coimbatore,AGRI,AG,60,No,Yes,Yes,OC/BC/MBC/SC/ST
1209,2702,Bannari Amman Institute of Technology (Autonomous),Coimbatore,AUTO,AU,30,No,Yes,Yes,OC/BC/MBC/SC/ST
1210,2702,Bannari Amman Institute of Technology (Autonomous),Coimbatore,AI&DS,AD,120,No,Yes,Yes,OC/BC/MBC/SC/ST
1211,2702,Bannari Amman Institute of Technology (Autonomous),Coimbatore,BIOMED,BM,60,No,Yes,Yes,OC/BC/MBC/SC/ST
1212,2702,Bannari Amman Institute of Technology (Autonomous),Coimbatore,BIOTECH,BT,120,No,Yes,Yes,OC/BC/MBC/SC/ST
1213,2702,Bannari Amman Institute of Technology (Autonomous),Coimbatore,CIVIL,CE,60,No,Yes,Yes,OC/BC/MBC/SC/ST
1214,2702,Bannari Amman Institute of Technology (Autonomous),Coimbatore,CSE,CS,240,No,Yes,Yes,OC/BC/MBC/SC/ST
1215,2702,Bannari Amman Institute of Technology (Autonomous),Coimbatore,CS&BUSINESS,CB,60,No,Yes,Yes,OC/BC/MBC/SC/ST
1216,2702,Bannari Amman Institute of Technology (Autonomous),Coimbatore,CT,CT,60,No,Yes,Yes,OC/BC/MBC/SC/ST
1217,2702,Bannari Amman Institute of Technology (Autonomous),Coimbatore,ECE,EC,240,No,Yes,Yes,OC/BC/MBC/SC/ST
1218,2702,Bannari Amman Institute of Technology (Autonomous),Coimbatore,EEE,EE,120,No,Yes,Yes,OC/BC/MBC/SC/ST
1219,2702,Bannari Amman Institute of Technology (Autonomous),Coimbatore,EIE,EI,60,No,Yes,Yes,OC/BC/MBC/SC/ST
1220,2702,Bannari Amman Institute of Technology (Autonomous),Coimbatore,FASHION,FD,60,No,Yes,Yes,OC/BC/MBC/SC/ST
1221,2702,Bannari Amman Institute of Technology (Autonomous),Coimbatore,FT,FT,30,No,Yes,Yes,OC/BC/MBC/SC/ST
1222,2702,Bannari Amman Institute of Technology (Autonomous),Coimbatore,IG,IG,60,No,Yes,Yes,OC/BC/MBC/SC/ST
1223,2702,Bannari Amman Institute of Technology (Autonomous),Coimbatore,IT,IT,180,No,Yes,Yes,OC/BC/MBC/SC/ST
1224,2702,Bannari Amman Institute of Technology (Autonomous),Coimbatore,MECHATRONICS,MC,60,No,Yes,Yes,OC/BC/MBC/SC/ST
1225,2702,Bannari Amman Institute of Technology (Autonomous),Coimbatore,MECH,ME,120,No,Yes,Yes,OC/BC/MBC/SC/ST
1226,2702,Bannari Amman Institute of Technology (Autonomous),Coimbatore,TEXTILE,TX,60,No,Yes,Yes,OC/BC/MBC/SC/ST
1227,2702,Bannari Amman Institute of Technology (Autonomous),Coimbatore,AI,AL,60,No,Yes,Yes,OC/BC/MBC/SC/ST
1228,2704,Coimbatore Institute of Engineering and Technolgoy (Autonomous),Dharmapuri,CIVIL,CE,60,No,Yes,Yes,OC/BC/MBC/SC/ST
1229,2704,Coimbatore Institute of Engineering and Technolgoy (Autonomous),Dharmapuri,CSE,CS,120,No,Yes,Yes,OC/BC/MBC/SC/ST
1230,2704,Coimbatore Institute of Engineering and Technolgoy (Autonomous),Dharmapuri,ECE,EC,60,No,Yes,Yes,OC/BC/MBC/SC/ST
1231,2704,Coimbatore Institute of Engineering and Technolgoy (Autonomous),Dharmapuri,EEE,EE,60,No,Yes,Yes,OC/BC/MBC/SC/ST
1232,2704,Coimbatore Institute of Engineering and Technolgoy (Autonomous),Dharmapuri,IT,IT,60,No,Yes,Yes,OC/BC/MBC/SC/ST
1233,2704,Coimbatore Institute of Engineering and Technolgoy (Autonomous),Dharmapuri,MECHATRONICS,MC,60,No,Yes,Yes,OC/BC/MBC/SC/ST
1234,2704,Coimbatore Institute of Engineering and Technolgoy (Autonomous),Dharmapuri,MECH,ME,60,No,Yes,Yes,OC/BC/MBC/SC/ST
1235,2706,Dr. Mahalingam College of Engineering and Technology (Autonomous),Coimbatore,AUTO,AU,60,Yes,Yes,Yes,OC/BC/MBC/SC/ST
1236,2706,Dr. Mahalingam College of Engineering and Technology (Autonomous),Coimbatore,CIVIL,CE,60,Yes,Yes,Yes,OC/BC/MBC/SC/ST
1237,2706,Dr. Mahalingam College of Engineering and Technology (Autonomous),Coimbatore,CSE,CS,120,Yes,Yes,Yes,OC/BC/MBC/SC/ST
1238,2706,Dr. Mahalingam College of Engineering and Technology (Autonomous),Coimbatore,ECE,EC,120,Yes,Yes,Yes,OC/BC/MBC/SC/ST
1239,2706,Dr. Mahalingam College of Engineering and Technology (Autonomous),Coimbatore,EIE,EI,60,Yes,Yes,Yes,OC/BC/MBC/SC/ST
1240,2706,Dr. Mahalingam College of Engineering and Technology (Autonomous),Coimbatore,MECH,ME,120,Yes,Yes,Yes,OC/BC/MBC/SC/ST
1241,2706,Dr. Mahalingam College of Engineering and Technology (Autonomous),Coimbatore,IT,IT,120,Yes,Yes,Yes,OC/BC/MBC/SC/ST
1242,2706,Dr. Mahalingam College of Engineering and Technology (Autonomous),Coimbatore,AI&DS,AD,60,Yes,Yes,Yes,OC/BC/MBC/SC/ST
1243,2706,Dr. Mahalingam College of Engineering and Technology (Autonomous),Coimbatore,EEE,EE,120,Yes,Yes,Yes,OC/BC/MBC/SC/ST
1244,2707,Erode Sengunthar Engineering College (Autonomous),The,MECH,ME,60,No,Yes,Yes,OC/BC/MBC/SC/ST
1245,2707,Erode Sengunthar Engineering College (Autonomous),The,EEE,EE,60,No,Yes,Yes,OC/BC/MBC/SC/ST
1246,2707,Erode Sengunthar Engineering College (Autonomous),The,CHEM,CH,90,No,Yes,Yes,OC/BC/MBC/SC/ST
1247,2707,Erode Sengunthar Engineering College (Autonomous),The,CSE,CS,120,No,Yes,Yes,OC/BC/MBC/SC/ST
1248,2707,Erode Sengunthar Engineering College (Autonomous),The,ECE,EC,90,No,Yes,Yes,OC/BC/MBC/SC/ST
1249,2707,Erode Sengunthar Engineering College (Autonomous),The,EIE,EI,30,No,Yes,Yes,OC/BC/MBC/SC/ST
1250,2707,Erode Sengunthar Engineering College (Autonomous),The,CIVIL,CE,30,No,Yes,Yes,OC/BC/MBC/SC/ST
1251,2707,Erode Sengunthar Engineering College (Autonomous),The,BIOMED,BM,60,No,Yes,Yes,OC/BC/MBC/SC/ST
1252,2707,Erode Sengunthar Engineering College (Autonomous),The,IT,IT,60,No,Yes,Yes,OC/BC/MBC/SC/ST
1253,2707,Erode Sengunthar Engineering College (Autonomous),The,AI&DS,AD,120,No,Yes,Yes,OC/BC/MBC/SC/ST
1254,2707,Erode Sengunthar Engineering College (Autonomous),The,AGRI,AG,60,No,Yes,Yes,OC/BC/MBC/SC/ST
1255,2707,Erode Sengunthar Engineering College (Autonomous),The,RUBBER,RM,30,No,Yes,Yes,OC/BC/MBC/SC/ST
1256,2707,Erode Sengunthar Engineering College (Autonomous),The,CJ,CJ,60,No,Yes,Yes,OC/BC/MBC/SC/ST
1257,2707,Erode Sengunthar Engineering College (Autonomous),The,CD,CD,60,No,Yes,Yes,OC/BC/MBC/SC/ST
1258,2707,Erode Sengunthar Engineering College (Autonomous),The,ME(DIPLOMA),XM,60,No,Yes,Yes,OC/BC/MBC/SC/ST
1259,2708,Hindusthan College of Engineering and Technology (Autonomous),Coimbatore,AERO,AE,60,Yes,Yes,Yes,OC/BC/MBC/SC/ST
1260,2708,Hindusthan College of Engineering and Technology (Autonomous),Coimbatore,AGRI,AG,60,Yes,Yes,Yes,OC/BC/MBC/SC/ST
1261,2708,Hindusthan College of Engineering and Technology (Autonomous),Coimbatore,AI,AL,60,Yes,Yes,Yes,OC/BC/MBC/SC/ST
1262,2708,Hindusthan College of Engineering and Technology (Autonomous),Coimbatore,AUTO,AU,60,Yes,Yes,Yes,OC/BC/MBC/SC/ST
1263,2708,Hindusthan College of Engineering and Technology (Autonomous),Coimbatore,BIOMED,BM,60,Yes,Yes,Yes,OC/BC/MBC/SC/ST
1264,2708,Hindusthan College of Engineering and Technology (Autonomous),Coimbatore,CIVIL,CE,60,Yes,Yes,Yes,OC/BC/MBC/SC/ST
1265,2708,Hindusthan College of Engineering and Technology (Autonomous),Coimbatore,CHEM,CH,60,Yes,Yes,Yes,OC/BC/MBC/SC/ST
1266,2708,Hindusthan College of Engineering and Technology (Autonomous),Coimbatore,CSE,CS,180,Yes,Yes,Yes,OC/BC/MBC/SC/ST
1267,2708,Hindusthan College of Engineering and Technology (Autonomous),Coimbatore,ECE,EC,120,Yes,Yes,Yes,OC/BC/MBC/SC/ST
1268,2708,Hindusthan College of Engineering and Technology (Autonomous),Coimbatore,EEE,EE,60,Yes,Yes,Yes,OC/BC/MBC/SC/ST
1269,2708,Hindusthan College of Engineering and Technology (Autonomous),Coimbatore,EIE,EI,30,Yes,Yes,Yes,OC/BC/MBC/SC/ST
1270,2708,Hindusthan College of Engineering and Technology (Autonomous),Coimbatore,FASHION,FD,60,Yes,Yes,Yes,OC/BC/MBC/SC/ST
1271,2708,Hindusthan College of Engineering and Technology (Autonomous),Coimbatore,IT,IT,120,Yes,Yes,Yes,OC/BC/MBC/SC/ST
1272,2708,Hindusthan College of Engineering and Technology (Autonomous),Coimbatore,MECHATRONICS,MC,120,Yes,Yes,Yes,OC/BC/MBC/SC/ST
1273,2708,Hindusthan College of Engineering and Technology (Autonomous),Coimbatore,MECH,ME,120,Yes,Yes,Yes,OC/BC/MBC/SC/ST
1274,2709,Government Engineering College,Erode,AUTO,AU,60,Yes,Yes,Yes,OC/BC/MBC/SC/ST
1275,2709,Government Engineering College,Erode,CIVIL,CE,60,Yes,Yes,Yes,OC/BC/MBC/SC/ST
1276,2709,Government Engineering College,Erode,MECH,ME,60,Yes,Yes,Yes,OC/BC/MBC/SC/ST
1277,2709,Government Engineering College,Erode,ECE,EC,60,Yes,Yes,Yes,OC/BC/MBC/SC/ST
1278,2709,Government Engineering College,Erode,EEE,EE,60,Yes,Yes,Yes,OC/BC/MBC/SC/ST
1279,2709,Government Engineering College,Erode,IT,IT,60,Yes,Yes,Yes,OC/BC/MBC/SC/ST
1280,2709,Government Engineering College,Erode,CSE,CS,60,Yes,Yes,Yes,OC/BC/MBC/SC/ST
1281,2710,Karpagam College of Engineering (Autonomous),Coimbatore,CIVIL,CE,60,Yes,Yes,Yes,OC/BC/MBC/SC/ST
1282,2710,Karpagam College of Engineering (Autonomous),Coimbatore,CSE,CS,180,Yes,Yes,Yes,OC/BC/MBC/SC/ST
1283,2710,Karpagam College of Engineering (Autonomous),Coimbatore,ECE,EC,180,Yes,Yes,Yes,OC/BC/MBC/SC/ST
1284,2710,Karpagam College of Engineering (Autonomous),Coimbatore,EEE,EE,120,Yes,Yes,Yes,OC/BC/MBC/SC/ST
1285,2710,Karpagam College of Engineering (Autonomous),Coimbatore,ET,ET,60,Yes,Yes,Yes,OC/BC/MBC/SC/ST
1286,2710,Karpagam College of Engineering (Autonomous),Coimbatore,IT,IT,120,Yes,Yes,Yes,OC/BC/MBC/SC/ST
1287,2710,Karpagam College of Engineering (Autonomous),Coimbatore,MECH,ME,120,Yes,Yes,Yes,OC/BC/MBC/SC/ST
1288,2710,Karpagam College of Engineering (Autonomous),Coimbatore,CD,CD,60,Yes,Yes,Yes,OC/BC/MBC/SC/ST
1289,2710,Karpagam College of Engineering (Autonomous),Coimbatore,TS,TS,60,Yes,Yes,Yes,OC/BC/MBC/SC/ST
1290,2710,Karpagam College of Engineering (Autonomous),Coimbatore,AI&DS,AD,120,Yes,Yes,Yes,OC/BC/MBC/SC/ST
1291,2710,Karpagam College of Engineering (Autonomous),Coimbatore,SC,SC,60,Yes,Yes,Yes,OC/BC/MBC/SC/ST
1292,2711,Kongu Engineering College (Autonomous),Erode,AUTO,AU,60,No,Yes,Yes,OC/BC/MBC/SC/ST
1293,2711,Kongu Engineering College (Autonomous),Erode,CIVIL,CE,120,No,Yes,Yes,OC/BC/MBC/SC/ST
1294,2711,Kongu Engineering College (Autonomous),Erode,CSE,CS,240,No,Yes,Yes,OC/BC/MBC/SC/ST
1295,2711,Kongu Engineering College (Autonomous),Erode,EEE,EE,120,No,Yes,Yes,OC/BC/MBC/SC/ST
1296,2711,Kongu Engineering College (Autonomous),Erode,FASHION,FD,60,No,Yes,Yes,OC/BC/MBC/SC/ST
1297,2711,Kongu Engineering College (Autonomous),Erode,IT,IT,120,No,Yes,Yes,OC/BC/MBC/SC/ST
1298,2711,Kongu Engineering College (Autonomous),Erode,MECHATRONICS,MC,120,No,Yes,Yes,OC/BC/MBC/SC/ST
1299,2711,Kongu Engineering College (Autonomous),Erode,CD,CD,60,No,Yes,Yes,OC/BC/MBC/SC/ST
1300,2711,Kongu Engineering College (Autonomous),Erode,AI&DS,AD,60,No,Yes,Yes,OC/BC/MBC/SC/ST
1301,2711,Kongu Engineering College (Autonomous),Erode,AI,AL,60,No,Yes,Yes,OC/BC/MBC/SC/ST
1302,2711,Kongu Engineering College (Autonomous),Erode,CHEM,CH,120,No,Yes,Yes,OC/BC/MBC/SC/ST
1303,2711,Kongu Engineering College (Autonomous),Erode,MECH,ME,120,No,Yes,Yes,OC/BC/MBC/SC/ST
1304,2711,Kongu Engineering College (Autonomous),Erode,EIE,EI,120,No,Yes,Yes,OC/BC/MBC/SC/ST
1305,2711,Kongu Engineering College (Autonomous),Erode,ECE,EC,240,No,Yes,Yes,OC/BC/MBC/SC/ST
1306,2712,Kumaraguru College of Technology (Autonomous),Coimbatore,AERO,AE,60,Yes,Yes,Yes,OC/BC/MBC/SC/ST
1307,2712,Kumaraguru College of Technology (Autonomous),Coimbatore,AUTO,AU,60,Yes,Yes,Yes,OC/BC/MBC/SC/ST
1308,2712,Kumaraguru College of Technology (Autonomous),Coimbatore,AI&DS,AD,60,Yes,Yes,Yes,OC/BC/MBC/SC/ST
1309,2712,Kumaraguru College of Technology (Autonomous),Coimbatore,BIOTECH,BT,60,Yes,Yes,Yes,OC/BC/MBC/SC/ST
1310,2712,Kumaraguru College of Technology (Autonomous),Coimbatore,CIVIL,CE,120,Yes,Yes,Yes,OC/BC/MBC/SC/ST
1311,2712,Kumaraguru College of Technology (Autonomous),Coimbatore,CSE,CS,120,Yes,Yes,Yes,OC/BC/MBC/SC/ST
1312,2712,Kumaraguru College of Technology (Autonomous),Coimbatore,ECE,EC,180,Yes,Yes,Yes,OC/BC/MBC/SC/ST
1313,2712,Kumaraguru College of Technology (Autonomous),Coimbatore,EEE,EE,120,Yes,Yes,Yes,OC/BC/MBC/SC/ST
1314,2712,Kumaraguru College of Technology (Autonomous),Coimbatore,EIE,EI,60,Yes,Yes,Yes,OC/BC/MBC/SC/ST
1315,2712,Kumaraguru College of Technology (Autonomous),Coimbatore,FT,FT,60,Yes,Yes,Yes,OC/BC/MBC/SC/ST
1316,2712,Kumaraguru College of Technology (Autonomous),Coimbatore,IT,IT,60,Yes,Yes,Yes,OC/BC/MBC/SC/ST
1317,2712,Kumaraguru College of Technology (Autonomous),Coimbatore,MECH,ME,120,Yes,Yes,Yes,OC/BC/MBC/SC/ST
1318,2712,Kumaraguru College of Technology (Autonomous),Coimbatore,MECHATRONICS,MC,60,Yes,Yes,Yes,OC/BC/MBC/SC/ST
1319,2712,Kumaraguru College of Technology (Autonomous),Coimbatore,TEXTILE,TX,60,Yes,Yes,Yes,OC/BC/MBC/SC/ST
1320,2712,Kumaraguru College of Technology (Autonomous),Coimbatore,IG,IG,60,Yes,Yes,Yes,OC/BC/MBC/SC/ST
1321,2715,Nandha Engineering College (Autonomous),Coimbatore,AGRI,AG,60,Yes,Yes,Yes,OC/BC/MBC/SC/ST
1322,2715,Nandha Engineering College (Autonomous),Coimbatore,BIOMED,BM,60,Yes,Yes,Yes,OC/BC/MBC/SC/ST
1323,2715,Nandha Engineering College (Autonomous),Coimbatore,CIVIL,CE,60,Yes,Yes,Yes,OC/BC/MBC/SC/ST
1324,2715,Nandha Engineering College (Autonomous),Coimbatore,CHEM,CH,60,Yes,Yes,Yes,OC/BC/MBC/SC/ST
1325,2715,Nandha Engineering College (Autonomous),Coimbatore,CSE,CS,120,Yes,Yes,Yes,OC/BC/MBC/SC/ST
1326,2715,Nandha Engineering College (Autonomous),Coimbatore,ECE,EC,120,Yes,Yes,Yes,OC/BC/MBC/SC/ST
1327,2715,Nandha Engineering College (Autonomous),Coimbatore,EEE,EE,60,Yes,Yes,Yes,OC/BC/MBC/SC/ST
1328,2715,Nandha Engineering College (Autonomous),Coimbatore,MECH,ME,120,Yes,Yes,Yes,OC/BC/MBC/SC/ST
1329,2715,Nandha Engineering College (Autonomous),Coimbatore,IT,IT,60,Yes,Yes,Yes,OC/BC/MBC/SC/ST
1330,2715,Nandha Engineering College (Autonomous),Coimbatore,AI&DS,AD,60,Yes,Yes,Yes,OC/BC/MBC/SC/ST
1331,2716,Park College of Engineering and Technology,Erode,AERO,AE,120,No,Yes,Yes,OC/BC/MBC/SC/ST
1332,2716,Park College of Engineering and Technology,Erode,MECH,ME,120,No,Yes,Yes,OC/BC/MBC/SC/ST
1333,2716,Park College of Engineering and Technology,Erode,CSE,CS,60,No,Yes,Yes,OC/BC/MBC/SC/ST
1334,2716,Park College of Engineering and Technology,Erode,IT,IT,90,No,Yes,Yes,OC/BC/MBC/SC/ST
1335,2716,Park College of Engineering and Technology,Erode,TEXTILE,TX,60,No,Yes,Yes,OC/BC/MBC/SC/ST
1336,2716,Park College of Engineering and Technology,Erode,MR,MR,60,No,Yes,Yes,OC/BC/MBC/SC/ST
1337,2716,Park College of Engineering and Technology,Erode,MECHATRONICS,MC,60,No,Yes,Yes,OC/BC/MBC/SC/ST
1338,2716,Park College of Engineering and Technology,Erode,BIOMED,BM,60,No,Yes,Yes,OC/BC/MBC/SC/ST
1339,2716,Park College of Engineering and Technology,Erode,RUBBER,RM,60,No,Yes,Yes,OC/BC/MBC/SC/ST
1340,2716,Park College of Engineering and Technology,Erode,AGRI,AG,60,No,Yes,Yes,OC/BC/MBC/SC/ST
1341,2716,Park College of Engineering and Technology,Erode,MD,MD,60,No,Yes,Yes,OC/BC/MBC/SC/ST
1342,2716,Park College of Engineering and Technology,Erode,AI&DS,AD,60,No,Yes,Yes,OC/BC/MBC/SC/ST
1343,2716,Park College of Engineering and Technology,Erode,EN,EN,60,No,Yes,Yes,OC/BC/MBC/SC/ST
1344,2716,Park College of Engineering and Technology,Erode,GEOINFORMATICS,GI,30,No,Yes,Yes,OC/BC/MBC/SC/ST
1345,2716,Park College of Engineering and Technology,Erode,EEE,EE,60,No,Yes,Yes,OC/BC/MBC/SC/ST
1346,2716,Park College of Engineering and Technology,Erode,ECE,EC,60,No,Yes,Yes,OC/BC/MBC/SC/ST
1347,2717,Sasurie College of Engineering,Erode,AI&DS,AD,60,Yes,Yes,Yes,OC/BC/MBC/SC/ST
1348,2717,Sasurie College of Engineering,Erode,CSE,CS,120,Yes,Yes,Yes,OC/BC/MBC/SC/ST
1349,2717,Sasurie College of Engineering,Erode,EEE,EE,60,Yes,Yes,Yes,OC/BC/MBC/SC/ST
1350,2717,Sasurie College of Engineering,Erode,ECE,EC,120,Yes,Yes,Yes,OC/BC/MBC/SC/ST
1351,2717,Sasurie College of Engineering,Erode,MECH,ME,60,Yes,Yes,Yes,OC/BC/MBC/SC/ST
1352,2717,Sasurie College of Engineering,Erode,RUBBER,RM,60,Yes,Yes,Yes,OC/BC/MBC/SC/ST
1353,2717,Sasurie College of Engineering,Erode,CIVIL,CE,60,Yes,Yes,Yes,OC/BC/MBC/SC/ST
1354,2718,Sri Krishna College of Enginering and Technology (Autonomous),Coimbatore,CIVIL,CE,60,No,Yes,Yes,OC/BC/MBC/SC/ST
1355,2718,Sri Krishna College of Enginering and Technology (Autonomous),Coimbatore,CSE,CS,180,No,Yes,Yes,OC/BC/MBC/SC/ST
1356,2718,Sri Krishna College of Enginering and Technology (Autonomous),Coimbatore,ECE,EC,180,No,Yes,Yes,OC/BC/MBC/SC/ST
1357,2718,Sri Krishna College of Enginering and Technology (Autonomous),Coimbatore,EEE,EE,120,No,Yes,Yes,OC/BC/MBC/SC/ST
1358,2718,Sri Krishna College of Enginering and Technology (Autonomous),Coimbatore,IT,IT,180,No,Yes,Yes,OC/BC/MBC/SC/ST
1359,2718,Sri Krishna College of Enginering and Technology (Autonomous),Coimbatore,CS&BUSINESS,CB,60,No,Yes,Yes,OC/BC/MBC/SC/ST
1360,2718,Sri Krishna College of Enginering and Technology (Autonomous),Coimbatore,AI&DS,AD,60,No,Yes,Yes,OC/BC/MBC/SC/ST
1361,2718,Sri Krishna College of Enginering and Technology (Autonomous),Coimbatore,CJ,CJ,60,No,Yes,Yes,OC/BC/MBC/SC/ST
1362,2718,Sri Krishna College of Enginering and Technology (Autonomous),Coimbatore,MECHATRONICS,MC,120,No,Yes,Yes,OC/BC/MBC/SC/ST
1363,2718,Sri Krishna College of Enginering and Technology (Autonomous),Coimbatore,MECH,ME,120,No,Yes,Yes,OC/BC/MBC/SC/ST
1364,2719,Sri Ramakrishna Engineering College (Autonomous),Tiruppur,AERO,AE,30,No,Yes,Yes,OC/BC/MBC/SC/ST
1365,2719,Sri Ramakrishna Engineering College (Autonomous),Tiruppur,BIOMED,BM,60,No,Yes,Yes,OC/BC/MBC/SC/ST
1366,2719,Sri Ramakrishna Engineering College (Autonomous),Tiruppur,CIVIL,CE,60,No,Yes,Yes,OC/BC/MBC/SC/ST
1367,2719,Sri Ramakrishna Engineering College (Autonomous),Tiruppur,CSE,CS,180,No,Yes,Yes,OC/BC/MBC/SC/ST
1368,2719,Sri Ramakrishna Engineering College (Autonomous),Tiruppur,ECE,EC,180,No,Yes,Yes,OC/BC/MBC/SC/ST
1369,2719,Sri Ramakrishna Engineering College (Autonomous),Tiruppur,EEE,EE,90,No,Yes,Yes,OC/BC/MBC/SC/ST
1370,2719,Sri Ramakrishna Engineering College (Autonomous),Tiruppur,EIE,EI,60,No,Yes,Yes,OC/BC/MBC/SC/ST
1371,2719,Sri Ramakrishna Engineering College (Autonomous),Tiruppur,IT,IT,120,No,Yes,Yes,OC/BC/MBC/SC/ST
1372,2719,Sri Ramakrishna Engineering College (Autonomous),Tiruppur,MECH,ME,90,No,Yes,Yes,OC/BC/MBC/SC/ST
1373,2719,Sri Ramakrishna Engineering College (Autonomous),Tiruppur,RUBBER,RM,60,No,Yes,Yes,OC/BC/MBC/SC/ST
1374,2719,Sri Ramakrishna Engineering College (Autonomous),Tiruppur,AI&DS,AD,60,No,Yes,Yes,OC/BC/MBC/SC/ST
1375,2719,Sri Ramakrishna Engineering College (Autonomous),Tiruppur,CJ,CJ,60,No,Yes,Yes,OC/BC/MBC/SC/ST
1376,2721,Tamilnadu College of Engineering,Coimbatore,AUTO,AU,30,Yes,Yes,Yes,OC/BC/MBC/SC/ST
1377,2721,Tamilnadu College of Engineering,Coimbatore,CIVIL,CE,30,Yes,Yes,Yes,OC/BC/MBC/SC/ST
1378,2721,Tamilnadu College of Engineering,Coimbatore,CSE,CS,60,Yes,Yes,Yes,OC/BC/MBC/SC/ST
1379,2721,Tamilnadu College of Engineering,Coimbatore,ECE,EC,60,Yes,Yes,Yes,OC/BC/MBC/SC/ST
1380,2721,Tamilnadu College of Engineering,Coimbatore,EEE,EE,30,Yes,Yes,Yes,OC/BC/MBC/SC/ST
1381,2721,Tamilnadu College of Engineering,Coimbatore,IC,IC,30,Yes,Yes,Yes,OC/BC/MBC/SC/ST
1382,2721,Tamilnadu College of Engineering,Coimbatore,MECH,ME,60,Yes,Yes,Yes,OC/BC/MBC/SC/ST
1383,2722,Sri Krishna College of Technology (Autonomous),Coimbatore,CIVIL,CE,60,Yes,Yes,Yes,OC/BC/MBC/SC/ST
1384,2722,Sri Krishna College of Technology (Autonomous),Coimbatore,CSE,CS,180,Yes,Yes,Yes,OC/BC/MBC/SC/ST
1385,2722,Sri Krishna College of Technology (Autonomous),Coimbatore,ECE,EC,180,Yes,Yes,Yes,OC/BC/MBC/SC/ST
1386,2722,Sri Krishna College of Technology (Autonomous),Coimbatore,EEE,EE,120,Yes,Yes,Yes,OC/BC/MBC/SC/ST
1387,2722,Sri Krishna College of Technology (Autonomous),Coimbatore,IC,IC,60,Yes,Yes,Yes,OC/BC/MBC/SC/ST
1388,2722,Sri Krishna College of Technology (Autonomous),Coimbatore,IT,IT,120,Yes,Yes,Yes,OC/BC/MBC/SC/ST
1389,2722,Sri Krishna College of Technology (Autonomous),Coimbatore,MECH,ME,120,Yes,Yes,Yes,OC/BC/MBC/SC/ST
1390,2722,Sri Krishna College of Technology (Autonomous),Coimbatore,AI&DS,AD,60,Yes,Yes,Yes,OC/BC/MBC/SC/ST
1391,2723,Velalar College of Engineering and Technology (Autonomous),Coimbatore,BIOMED,BM,120,No,Yes,Yes,OC/BC/MBC/SC/ST
1392,2723,Velalar College of Engineering and Technology (Autonomous),Coimbatore,CIVIL,CE,60,No,Yes,Yes,OC/BC/MBC/SC/ST
1393,2723,Velalar College of Engineering and Technology (Autonomous),Coimbatore,ECE,EC,180,No,Yes,Yes,OC/BC/MBC/SC/ST
1394,2723,Velalar College of Engineering and Technology (Autonomous),Coimbatore,CSE,CS,120,No,Yes,Yes,OC/BC/MBC/SC/ST
1395,2723,Velalar College of Engineering and Technology (Autonomous),Coimbatore,EEE,EE,60,No,Yes,Yes,OC/BC/MBC/SC/ST
1396,2723,Velalar College of Engineering and Technology (Autonomous),Coimbatore,MD,MD,60,No,Yes,Yes,OC/BC/MBC/SC/ST
1397,2723,Velalar College of Engineering and Technology (Autonomous),Coimbatore,MECH,ME,60,No,Yes,Yes,OC/BC/MBC/SC/ST
1398,2723,Velalar College of Engineering and Technology (Autonomous),Coimbatore,IT,IT,120,No,Yes,Yes,OC/BC/MBC/SC/ST
1399,2725,Sri Ramakrishna Institute of Technology (Autonomous),Coimbatore,CSE,CS,180,Yes,Yes,Yes,OC/BC/MBC/SC/ST
1400,2725,Sri Ramakrishna Institute of Technology (Autonomous),Coimbatore,ECE,EC,60,Yes,Yes,Yes,OC/BC/MBC/SC/ST
1401,2725,Sri Ramakrishna Institute of Technology (Autonomous),Coimbatore,EEE,EE,30,Yes,Yes,Yes,OC/BC/MBC/SC/ST
1402,2725,Sri Ramakrishna Institute of Technology (Autonomous),Coimbatore,MECH,ME,30,Yes,Yes,Yes,OC/BC/MBC/SC/ST
1403,2725,Sri Ramakrishna Institute of Technology (Autonomous),Coimbatore,IT,IT,60,Yes,Yes,Yes,OC/BC/MBC/SC/ST
1404,2726,S N S College of Technology (Autonomous),Erode,AO,AO,30,Yes,Yes,Yes,OC/BC/MBC/SC/ST
1405,2726,S N S College of Technology (Autonomous),Erode,AUTO,AU,60,Yes,Yes,Yes,OC/BC/MBC/SC/ST
1406,2726,S N S College of Technology (Autonomous),Erode,AGRI,AG,60,Yes,Yes,Yes,OC/BC/MBC/SC/ST
1407,2726,S N S College of Technology (Autonomous),Erode,BIOMED,BM,60,Yes,Yes,Yes,OC/BC/MBC/SC/ST
1408,2726,S N S College of Technology (Autonomous),Erode,CIVIL,CE,60,Yes,Yes,Yes,OC/BC/MBC/SC/ST
1409,2726,S N S College of Technology (Autonomous),Erode,CSE,CS,180,Yes,Yes,Yes,OC/BC/MBC/SC/ST
1410,2726,S N S College of Technology (Autonomous),Erode,EEE,EE,60,Yes,Yes,Yes,OC/BC/MBC/SC/ST
1411,2726,S N S College of Technology (Autonomous),Erode,ECE,EC,180,Yes,Yes,Yes,OC/BC/MBC/SC/ST
1412,2726,S N S College of Technology (Autonomous),Erode,MECH,ME,120,Yes,Yes,Yes,OC/BC/MBC/SC/ST
1413,2726,S N S College of Technology (Autonomous),Erode,IT,IT,60,Yes,Yes,Yes,OC/BC/MBC/SC/ST
1414,2726,S N S College of Technology (Autonomous),Erode,MECHATRONICS,MC,60,Yes,Yes,Yes,OC/BC/MBC/SC/ST
1415,2726,S N S College of Technology (Autonomous),Erode,FASHION,FD,60,Yes,Yes,Yes,OC/BC/MBC/SC/ST
1416,2726,S N S College of Technology (Autonomous),Erode,AI,AL,60,Yes,Yes,Yes,OC/BC/MBC/SC/ST
1417,2727,Sri Shakthi Institute of Engineering and Technology (Autonomous),Coimbatore,AGRI,AG,120,Yes,Yes,Yes,OC/BC/MBC/SC/ST
1418,2727,Sri Shakthi Institute of Engineering and Technology (Autonomous),Coimbatore,BIOMED,BM,60,Yes,Yes,Yes,OC/BC/MBC/SC/ST
1419,2727,Sri Shakthi Institute of Engineering and Technology (Autonomous),Coimbatore,BIOTECH,BT,60,Yes,Yes,Yes,OC/BC/MBC/SC/ST
1420,2727,Sri Shakthi Institute of Engineering and Technology (Autonomous),Coimbatore,CIVIL,CE,60,Yes,Yes,Yes,OC/BC/MBC/SC/ST
1421,2727,Sri Shakthi Institute of Engineering and Technology (Autonomous),Coimbatore,CSE,CS,120,Yes,Yes,Yes,OC/BC/MBC/SC/ST
1422,2727,Sri Shakthi Institute of Engineering and Technology (Autonomous),Coimbatore,ECE,EC,120,Yes,Yes,Yes,OC/BC/MBC/SC/ST
1423,2727,Sri Shakthi Institute of Engineering and Technology (Autonomous),Coimbatore,EEE,EE,60,Yes,Yes,Yes,OC/BC/MBC/SC/ST
1424,2727,Sri Shakthi Institute of Engineering and Technology (Autonomous),Coimbatore,IT,IT,60,Yes,Yes,Yes,OC/BC/MBC/SC/ST
1425,2727,Sri Shakthi Institute of Engineering and Technology (Autonomous),Coimbatore,FASHION,FD,60,Yes,Yes,Yes,OC/BC/MBC/SC/ST
1426,2727,Sri Shakthi Institute of Engineering and Technology (Autonomous),Coimbatore,MECH,ME,60,Yes,Yes,Yes,OC/BC/MBC/SC/ST
1427,2727,Sri Shakthi Institute of Engineering and Technology (Autonomous),Coimbatore,AI&DS,AD,60,Yes,Yes,Yes,OC/BC/MBC/SC/ST
1428,2727,Sri Shakthi Institute of Engineering and Technology (Autonomous),Coimbatore,AI,AL,60,Yes,Yes,Yes,OC/BC/MBC/SC/ST
1429,2728,Tamilnadu School of Architecture,Coimbatore,ARCH,AR,40,Yes,Yes,Yes,OC/BC/MBC/SC/ST
1430,2729,Nehru Institute of Engineering and Technology,Coimbatore,AERO,AE,120,Yes,Yes,Yes,OC/BC/MBC/SC/ST
1431,2729,Nehru Institute of Engineering and Technology,Coimbatore,CSE,CS,60,Yes,Yes,Yes,OC/BC/MBC/SC/ST
1432,2729,Nehru Institute of Engineering and Technology,Coimbatore,ECE,EC,90,Yes,Yes,Yes,OC/BC/MBC/SC/ST
1433,2729,Nehru Institute of Engineering and Technology,Coimbatore,EEE,EE,60,Yes,Yes,Yes,OC/BC/MBC/SC/ST
1434,2729,Nehru Institute of Engineering and Technology,Coimbatore,MECHATRONICS,MC,60,Yes,Yes,Yes,OC/BC/MBC/SC/ST
1435,2729,Nehru Institute of Engineering and Technology,Coimbatore,MECH,ME,60,Yes,Yes,Yes,OC/BC/MBC/SC/ST
1436,2729,Nehru Institute of Engineering and Technology,Coimbatore,AI&DS,AD,60,Yes,Yes,Yes,OC/BC/MBC/SC/ST
1437,2729,Nehru Institute of Engineering and Technology,Coimbatore,CS&BUSINESS,CB,60,Yes,Yes,Yes,OC/BC/MBC/SC/ST
1438,2733,Angel College of Engineering and Technology,Coimbatore,CSE,CS,60,No,Yes,Yes,OC/BC/MBC/SC/ST
1439,2733,Angel College of Engineering and Technology,Coimbatore,MECH,ME,60,No,Yes,Yes,OC/BC/MBC/SC/ST
1440,2733,Angel College of Engineering and Technology,Coimbatore,CIVIL,CE,60,No,Yes,Yes,OC/BC/MBC/SC/ST
1441,2733,Angel College of Engineering and Technology,Coimbatore,ECE,EC,60,No,Yes,Yes,OC/BC/MBC/SC/ST
1442,2733,Angel College of Engineering and Technology,Coimbatore,EEE,EE,60,No,Yes,Yes,OC/BC/MBC/SC/ST
1443,2733,Angel College of Engineering and Technology,Coimbatore,FT,FT,60,No,Yes,Yes,OC/BC/MBC/SC/ST
1444,2734,S N S College of Engineering (Autonomous),Coimbatore,CSE,CS,60,No,Yes,Yes,OC/BC/MBC/SC/ST
1445,2734,S N S College of Engineering (Autonomous),Coimbatore,ECE,EC,60,No,Yes,Yes,OC/BC/MBC/SC/ST
1446,2734,S N S College of Engineering (Autonomous),Coimbatore,EEE,EE,60,No,Yes,Yes,OC/BC/MBC/SC/ST
1447,2734,S N S College of Engineering (Autonomous),Coimbatore,IT,IT,60,No,Yes,Yes,OC/BC/MBC/SC/ST
1448,2734,S N S College of Engineering (Autonomous),Coimbatore,MECH,ME,60,No,Yes,Yes,OC/BC/MBC/SC/ST
1449,2734,S N S College of Engineering (Autonomous),Coimbatore,MO,MO,60,No,Yes,Yes,OC/BC/MBC/SC/ST
1450,2734,S N S College of Engineering (Autonomous),Coimbatore,TS,TS,60,No,Yes,Yes,OC/BC/MBC/SC/ST
1451,2734,S N S College of Engineering (Autonomous),Coimbatore,AI&DS,AD,120,No,Yes,Yes,OC/BC/MBC/SC/ST
1452,2734,S N S College of Engineering (Autonomous),Coimbatore,SB,SB,60,No,Yes,Yes,OC/BC/MBC/SC/ST
1453,2734,S N S College of Engineering (Autonomous),Coimbatore,CD,CD,60,No,Yes,Yes,OC/BC/MBC/SC/ST
1454,2735,Karpagam Institute of Technology,Tiruppur,CSE,CS,60,No,Yes,Yes,OC/BC/MBC/SC/ST
1455,2735,Karpagam Institute of Technology,Tiruppur,ECE,EC,120,No,Yes,Yes,OC/BC/MBC/SC/ST
1456,2735,Karpagam Institute of Technology,Tiruppur,EEE,EE,60,No,Yes,Yes,OC/BC/MBC/SC/ST
1457,2735,Karpagam Institute of Technology,Tiruppur,IT,IT,60,No,Yes,Yes,OC/BC/MBC/SC/ST
1458,2735,Karpagam Institute of Technology,Tiruppur,MECH,ME,60,No,Yes,Yes,OC/BC/MBC/SC/ST
1459,2736,Dr. N G P Institute of Technology,Coimbatore,BIOMED,BM,120,Yes,Yes,Yes,OC/BC/MBC/SC/ST
1460,2736,Dr. N G P Institute of Technology,Coimbatore,CIVIL,CE,30,Yes,Yes,Yes,OC/BC/MBC/SC/ST
1461,2736,Dr. N G P Institute of Technology,Coimbatore,CSE,CS,120,Yes,Yes,Yes,OC/BC/MBC/SC/ST
1462,2736,Dr. N G P Institute of Technology,Coimbatore,ECE,EC,120,Yes,Yes,Yes,OC/BC/MBC/SC/ST
1463,2736,Dr. N G P Institute of Technology,Coimbatore,EEE,EE,60,Yes,Yes,Yes,OC/BC/MBC/SC/ST
1464,2736,Dr. N G P Institute of Technology,Coimbatore,MECH,ME,60,Yes,Yes,Yes,OC/BC/MBC/SC/ST
1465,2736,Dr. N G P Institute of Technology,Coimbatore,IT,IT,60,Yes,Yes,Yes,OC/BC/MBC/SC/ST
1466,2736,Dr. N G P Institute of Technology,Coimbatore,AI&DS,AD,60,Yes,Yes,Yes,OC/BC/MBC/SC/ST
1467,2737,Sri Sai Ranganathan Engineering College,Coimbatore,CIVIL,CE,60,No,Yes,Yes,OC/BC/MBC/SC/ST
1468,2737,Sri Sai Ranganathan Engineering College,Coimbatore,MECH,ME,60,No,Yes,Yes,OC/BC/MBC/SC/ST
1469,2737,Sri Sai Ranganathan Engineering College,Coimbatore,ECE,EC,60,No,Yes,Yes,OC/BC/MBC/SC/ST
1470,2737,Sri Sai Ranganathan Engineering College,Coimbatore,CSE,CS,60,No,Yes,Yes,OC/BC/MBC/SC/ST
1471,2737,Sri Sai Ranganathan Engineering College,Coimbatore,EEE,EE,30,No,Yes,Yes,OC/BC/MBC/SC/ST
1472,2737,Sri Sai Ranganathan Engineering College,Coimbatore,IT,IT,30,No,Yes,Yes,OC/BC/MBC/SC/ST
1473,2739,Sri Eshwar College of Engineering (Autonomous),Coimbatore,CSE,CS,180,No,Yes,Yes,OC/BC/MBC/SC/ST
1474,2739,Sri Eshwar College of Engineering (Autonomous),Coimbatore,ECE,EC,180,No,Yes,Yes,OC/BC/MBC/SC/ST
1475,2739,Sri Eshwar College of Engineering (Autonomous),Coimbatore,EEE,EE,60,No,Yes,Yes,OC/BC/MBC/SC/ST
1476,2739,Sri Eshwar College of Engineering (Autonomous),Coimbatore,MECH,ME,60,No,Yes,Yes,OC/BC/MBC/SC/ST
1477,2739,Sri Eshwar College of Engineering (Autonomous),Coimbatore,IT,IT,60,No,Yes,Yes,OC/BC/MBC/SC/ST
1478,2739,Sri Eshwar College of Engineering (Autonomous),Coimbatore,CO,CO,60,No,Yes,Yes,OC/BC/MBC/SC/ST
1479,2739,Sri Eshwar College of Engineering (Autonomous),Coimbatore,AI&DS,AD,60,No,Yes,Yes,OC/BC/MBC/SC/ST
1480,2739,Sri Eshwar College of Engineering (Autonomous),Coimbatore,CS&BUSINESS,CB,60,No,Yes,Yes,OC/BC/MBC/SC/ST
1481,2740,Hindustan Institute of Technology (Autonomous),Coimbatore,AERO,AE,60,No,Yes,Yes,OC/BC/MBC/SC/ST
1482,2740,Hindustan Institute of Technology (Autonomous),Coimbatore,CSE,CS,120,No,Yes,Yes,OC/BC/MBC/SC/ST
1483,2740,Hindustan Institute of Technology (Autonomous),Coimbatore,ECE,EC,120,No,Yes,Yes,OC/BC/MBC/SC/ST
1484,2740,Hindustan Institute of Technology (Autonomous),Coimbatore,IT,IT,60,No,Yes,Yes,OC/BC/MBC/SC/ST
1485,2740,Hindustan Institute of Technology (Autonomous),Coimbatore,MECH,ME,60,No,Yes,Yes,OC/BC/MBC/SC/ST
1486,2740,Hindustan Institute of Technology (Autonomous),Coimbatore,PH,PH,60,No,Yes,Yes,OC/BC/MBC/SC/ST
1487,2740,Hindustan Institute of Technology (Autonomous),Coimbatore,AI&DS,AD,60,No,Yes,Yes,OC/BC/MBC/SC/ST
1488,2743,Dhanalakshmi Srinivasan College of Engineering,Coimbatore,AGRI,AG,60,Yes,Yes,Yes,OC/BC/MBC/SC/ST
1489,2743,Dhanalakshmi Srinivasan College of Engineering,Coimbatore,AI&DS,AD,120,Yes,Yes,Yes,OC/BC/MBC/SC/ST
1490,2743,Dhanalakshmi Srinivasan College of Engineering,Coimbatore,BIOMED,BM,60,Yes,Yes,Yes,OC/BC/MBC/SC/ST
1491,2743,Dhanalakshmi Srinivasan College of Engineering,Coimbatore,CSE,CS,60,Yes,Yes,Yes,OC/BC/MBC/SC/ST
1492,2743,Dhanalakshmi Srinivasan College of Engineering,Coimbatore,CIVIL,CE,60,Yes,Yes,Yes,OC/BC/MBC/SC/ST
1493,2743,Dhanalakshmi Srinivasan College of Engineering,Coimbatore,ECE,EC,90,Yes,Yes,Yes,OC/BC/MBC/SC/ST
1494,2743,Dhanalakshmi Srinivasan College of Engineering,Coimbatore,FASHION,FD,60,Yes,Yes,Yes,OC/BC/MBC/SC/ST
1495,2743,Dhanalakshmi Srinivasan College of Engineering,Coimbatore,MECH,ME,120,Yes,Yes,Yes,OC/BC/MBC/SC/ST
1496,2743,Dhanalakshmi Srinivasan College of Engineering,Coimbatore,EEE,EE,60,Yes,Yes,Yes,OC/BC/MBC/SC/ST
1497,2744,Adithya Institute of Technology,Coimbatore,CSE,CS,60,Yes,Yes,Yes,OC/BC/MBC/SC/ST
1498,2744,Adithya Institute of Technology,Coimbatore,CIVIL,CE,60,Yes,Yes,Yes,OC/BC/MBC/SC/ST
1499,2744,Adithya Institute of Technology,Coimbatore,EEE,EE,60,Yes,Yes,Yes,OC/BC/MBC/SC/ST
1500,2744,Adithya Institute of Technology,Coimbatore,ECE,EC,60,Yes,Yes,Yes,OC/BC/MBC/SC/ST
1501,2744,Adithya Institute of Technology,Coimbatore,MECH,ME,60,Yes,Yes,Yes,OC/BC/MBC/SC/ST
1502,2744,Adithya Institute of Technology,Coimbatore,IT,IT,60,Yes,Yes,Yes,OC/BC/MBC/SC/ST
1503,2745,Kathir College of Engineering,Coimbatore,CSE,CS,60,No,Yes,Yes,OC/BC/MBC/SC/ST
1504,2745,Kathir College of Engineering,Coimbatore,ECE,EC,60,No,Yes,Yes,OC/BC/MBC/SC/ST
1505,2745,Kathir College of Engineering,Coimbatore,EEE,EE,60,No,Yes,Yes,OC/BC/MBC/SC/ST
1506,2745,Kathir College of Engineering,Coimbatore,MECH,ME,60,No,Yes,Yes,OC/BC/MBC/SC/ST
1507,2747,Shree Venkateshwara Hi-Tech Engineering College,Coimbatore,CIVIL,CE,60,No,Yes,Yes,OC/BC/MBC/SC/ST
1508,2747,Shree Venkateshwara Hi-Tech Engineering College,Coimbatore,CSE,CS,60,No,Yes,Yes,OC/BC/MBC/SC/ST
1509,2747,Shree Venkateshwara Hi-Tech Engineering College,Coimbatore,ECE,EC,60,No,Yes,Yes,OC/BC/MBC/SC/ST
1510,2747,Shree Venkateshwara Hi-Tech Engineering College,Coimbatore,EEE,EE,60,No,Yes,Yes,OC/BC/MBC/SC/ST
1511,2747,Shree Venkateshwara Hi-Tech Engineering College,Coimbatore,MECH,ME,120,No,Yes,Yes,OC/BC/MBC/SC/ST
1512,2748,Surya Engineering College,Coimbatore,CIVIL,CE,60,No,Yes,Yes,OC/BC/MBC/SC/ST
1513,2748,Surya Engineering College,Coimbatore,CSE,CS,60,No,Yes,Yes,OC/BC/MBC/SC/ST
1514,2748,Surya Engineering College,Coimbatore,ECE,EC,60,No,Yes,Yes,OC/BC/MBC/SC/ST
1515,2748,Surya Engineering College,Coimbatore,EEE,EE,30,No,Yes,Yes,OC/BC/MBC/SC/ST
1516,2748,Surya Engineering College,Coimbatore,MECH,ME,90,No,Yes,Yes,OC/BC/MBC/SC/ST
1517,2749,EASA College of Engineering and Technology,Taluk,AGRI,AG,60,No,Yes,Yes,OC/BC/MBC/SC/ST
1518,2749,EASA College of Engineering and Technology,Taluk,CSE,CS,60,No,Yes,Yes,OC/BC/MBC/SC/ST
1519,2749,EASA College of Engineering and Technology,Taluk,AI&DS,AD,60,No,Yes,Yes,OC/BC/MBC/SC/ST
1520,2749,EASA College of Engineering and Technology,Taluk,ECE,EC,45,No,Yes,Yes,OC/BC/MBC/SC/ST
1521,2749,EASA College of Engineering and Technology,Taluk,IT,IT,30,No,Yes,Yes,OC/BC/MBC/SC/ST
1522,2749,EASA College of Engineering and Technology,Taluk,PE,PE,60,No,Yes,Yes,OC/BC/MBC/SC/ST
1523,2749,EASA College of Engineering and Technology,Taluk,MECH,ME,60,No,Yes,Yes,OC/BC/MBC/SC/ST
1524,2750,KIT-Kalaignar Karunanidhi Institute of Technology (Autonomous),Erode,AERO,AE,60,No,Yes,Yes,OC/BC/MBC/SC/ST
1525,2750,KIT-Kalaignar Karunanidhi Institute of Technology (Autonomous),Erode,AGRI,AG,60,No,Yes,Yes,OC/BC/MBC/SC/ST
1526,2750,KIT-Kalaignar Karunanidhi Institute of Technology (Autonomous),Erode,BIOMED,BM,60,No,Yes,Yes,OC/BC/MBC/SC/ST
1527,2750,KIT-Kalaignar Karunanidhi Institute of Technology (Autonomous),Erode,BIOTECH,BT,60,No,Yes,Yes,OC/BC/MBC/SC/ST
1528,2750,KIT-Kalaignar Karunanidhi Institute of Technology (Autonomous),Erode,CSE,CS,60,No,Yes,Yes,OC/BC/MBC/SC/ST
1529,2750,KIT-Kalaignar Karunanidhi Institute of Technology (Autonomous),Erode,ECE,EC,120,No,Yes,Yes,OC/BC/MBC/SC/ST
1530,2750,KIT-Kalaignar Karunanidhi Institute of Technology (Autonomous),Erode,EEE,EE,60,No,Yes,Yes,OC/BC/MBC/SC/ST
1531,2750,KIT-Kalaignar Karunanidhi Institute of Technology (Autonomous),Erode,MECH,ME,60,No,Yes,Yes,OC/BC/MBC/SC/ST
1532,2750,KIT-Kalaignar Karunanidhi Institute of Technology (Autonomous),Erode,AI&DS,AD,60,No,Yes,Yes,OC/BC/MBC/SC/ST
1533,2750,KIT-Kalaignar Karunanidhi Institute of Technology (Autonomous),Erode,CS&BUSINESS,CB,60,No,Yes,Yes,OC/BC/MBC/SC/ST
1534,2751,KGISL Institute of Technology,Coimbatore,CS&BUSINESS,CB,60,No,Yes,Yes,OC/BC/MBC/SC/ST
1535,2751,KGISL Institute of Technology,Coimbatore,CSE,CS,120,No,Yes,Yes,OC/BC/MBC/SC/ST
1536,2751,KGISL Institute of Technology,Coimbatore,ECE,EC,120,No,Yes,Yes,OC/BC/MBC/SC/ST
1537,2751,KGISL Institute of Technology,Coimbatore,IT,IT,60,No,Yes,Yes,OC/BC/MBC/SC/ST
1538,2751,KGISL Institute of Technology,Coimbatore,MECH,ME,60,No,Yes,Yes,OC/BC/MBC/SC/ST
1539,2751,KGISL Institute of Technology,Coimbatore,AI&DS,AD,120,No,Yes,Yes,OC/BC/MBC/SC/ST
1540,2752,Nandha College of Technology,Coimbatore,CSE,CS,90,Yes,Yes,Yes,OC/BC/MBC/SC/ST
1541,2752,Nandha College of Technology,Coimbatore,ECE,EC,60,Yes,Yes,Yes,OC/BC/MBC/SC/ST
1542,2752,Nandha College of Technology,Coimbatore,EEE,EE,60,Yes,Yes,Yes,OC/BC/MBC/SC/ST
1543,2752,Nandha College of Technology,Coimbatore,IT,IT,60,Yes,Yes,Yes,OC/BC/MBC/SC/ST
1544,2752,Nandha College of Technology,Coimbatore,MECH,ME,60,Yes,Yes,Yes,OC/BC/MBC/SC/ST
1545,2755,Nehru Institute of Technology,Erode,AERO,AE,60,No,Yes,Yes,OC/BC/MBC/SC/ST
1546,2755,Nehru Institute of Technology,Erode,CIVIL,CE,60,No,Yes,Yes,OC/BC/MBC/SC/ST
1547,2755,Nehru Institute of Technology,Erode,CSE,CS,60,No,Yes,Yes,OC/BC/MBC/SC/ST
1548,2755,Nehru Institute of Technology,Erode,FASHION,FD,60,No,Yes,Yes,OC/BC/MBC/SC/ST
1549,2755,Nehru Institute of Technology,Erode,AGRI,AG,60,No,Yes,Yes,OC/BC/MBC/SC/ST
1550,2759,McGans Ooty School Of Architecture,Coimbatore,ARCH,AR,80,No,Yes,Yes,OC/BC/MBC/SC/ST
1551,2761,United Institute of Technology,Erode,AI&DS,AD,60,No,Yes,Yes,OC/BC/MBC/SC/ST
1552,2761,United Institute of Technology,Erode,CSE,CS,60,No,Yes,Yes,OC/BC/MBC/SC/ST
1553,2761,United Institute of Technology,Erode,ECE,EC,60,No,Yes,Yes,OC/BC/MBC/SC/ST
1554,2761,United Institute of Technology,Erode,RUBBER,RM,60,No,Yes,Yes,OC/BC/MBC/SC/ST
1555,2762,Jansons Institute of Technology,The,CIVIL,CE,30,No,Yes,Yes,OC/BC/MBC/SC/ST
1556,2762,Jansons Institute of Technology,The,CSE,CS,90,No,Yes,Yes,OC/BC/MBC/SC/ST
1557,2762,Jansons Institute of Technology,The,ECE,EC,90,No,Yes,Yes,OC/BC/MBC/SC/ST
1558,2762,Jansons Institute of Technology,The,MECH,ME,30,No,Yes,Yes,OC/BC/MBC/SC/ST
1559,2762,Jansons Institute of Technology,The,AI&DS,AD,60,No,Yes,Yes,OC/BC/MBC/SC/ST
1560,2763,Akshaya College of Engineering and Technology,Coimbatore,CIVIL,CE,30,No,Yes,Yes,OC/BC/MBC/SC/ST
1561,2763,Akshaya College of Engineering and Technology,Coimbatore,CSE,CS,60,No,Yes,Yes,OC/BC/MBC/SC/ST
1562,2763,Akshaya College of Engineering and Technology,Coimbatore,ECE,EC,60,No,Yes,Yes,OC/BC/MBC/SC/ST
1563,2763,Akshaya College of Engineering and Technology,Coimbatore,MECHATRONICS,MC,60,No,Yes,Yes,OC/BC/MBC/SC/ST
1564,2763,Akshaya College of Engineering and Technology,Coimbatore,MECH,ME,60,No,Yes,Yes,OC/BC/MBC/SC/ST
1565,2767,SRG Engineering College,Coimbatore,CIVIL,CE,60,No,Yes,Yes,OC/BC/MBC/SC/ST
1566,2767,SRG Engineering College,Coimbatore,CSE,CS,60,No,Yes,Yes,OC/BC/MBC/SC/ST
1567,2767,SRG Engineering College,Coimbatore,EEE,EE,60,No,Yes,Yes,OC/BC/MBC/SC/ST
1568,2767,SRG Engineering College,Coimbatore,MECH,ME,60,No,Yes,Yes,OC/BC/MBC/SC/ST
1569,2767,SRG Engineering College,Coimbatore,BIOMED,BM,30,No,Yes,Yes,OC/BC/MBC/SC/ST
1570,2768,Park College of Technology,Coimbatore,AO,AO,60,Yes,Yes,Yes,OC/BC/MBC/SC/ST
1571,2768,Park College of Technology,Coimbatore,CIVIL,CE,60,Yes,Yes,Yes,OC/BC/MBC/SC/ST
1572,2768,Park College of Technology,Coimbatore,CSE,CS,60,Yes,Yes,Yes,OC/BC/MBC/SC/ST
1573,2768,Park College of Technology,Coimbatore,ECE,EC,60,Yes,Yes,Yes,OC/BC/MBC/SC/ST
1574,2768,Park College of Technology,Coimbatore,EN,EN,60,Yes,Yes,Yes,OC/BC/MBC/SC/ST
1575,2768,Park College of Technology,Coimbatore,MECH,ME,120,Yes,Yes,Yes,OC/BC/MBC/SC/ST
1576,2770,Study World College of Engineering,Coimbatore,CSE,CS,60,No,Yes,Yes,OC/BC/MBC/SC/ST
1577,2770,Study World College of Engineering,Coimbatore,ECE,EC,60,No,Yes,Yes,OC/BC/MBC/SC/ST
1578,2770,Study World College of Engineering,Coimbatore,EEE,EE,60,No,Yes,Yes,OC/BC/MBC/SC/ST
1579,2770,Study World College of Engineering,Coimbatore,MECH,ME,60,No,Yes,Yes,OC/BC/MBC/SC/ST
1580,2779,Ranganathan Architecture College,Coimbatore,ARCH,AR,80,No,Yes,Yes,OC/BC/MBC/SC/ST
1581,3011,University College of Engineering,Coimbatore,AUTO,AU,60,No,Yes,No,OC/BC/MBC/SC/ST
1582,3011,University College of Engineering,Coimbatore,BIOTECH,BT,60,No,Yes,No,OC/BC/MBC/SC/ST
1583,3011,University College of Engineering,Coimbatore,CSE,CS,120,No,Yes,No,OC/BC/MBC/SC/ST
1584,3011,University College of Engineering,Coimbatore,ECE,EC,120,No,Yes,No,OC/BC/MBC/SC/ST
1585,3011,University College of Engineering,Coimbatore,EEE,EE,120,No,Yes,No,OC/BC/MBC/SC/ST
1586,3011,University College of Engineering,Coimbatore,IT,IT,120,No,Yes,No,OC/BC/MBC/SC/ST
1587,3011,University College of Engineering,Coimbatore,MECH,ME,120,No,Yes,No,OC/BC/MBC/SC/ST
1588,3011,University College of Engineering,Coimbatore,PC,PC,60,No,Yes,No,OC/BC/MBC/SC/ST
1589,3011,University College of Engineering,Coimbatore,PH,PH,60,No,Yes,No,OC/BC/MBC/SC/ST
1590,3011,University College of Engineering,Coimbatore,CS(DIPLOMA),XC,60,No,Yes,No,OC/BC/MBC/SC/ST
1591,3011,University College of Engineering,Coimbatore,ME(DIPLOMA),XM,60,No,Yes,No,OC/BC/MBC/SC/ST
1592,3011,University College of Engineering,Coimbatore,CIVIL,CE,120,No,Yes,No,OC/BC/MBC/SC/ST
1593,3016,University College of Engineering,Coimbatore,CIVIL,CE,60,No,Yes,No,OC/BC/MBC/SC/ST
1594,3016,University College of Engineering,Coimbatore,CSE,CS,60,No,Yes,No,OC/BC/MBC/SC/ST
1595,3016,University College of Engineering,Coimbatore,ECE,EC,60,No,Yes,No,OC/BC/MBC/SC/ST
1596,3016,University College of Engineering,Coimbatore,EEE,EE,60,No,Yes,No,OC/BC/MBC/SC/ST
1597,3016,University College of Engineering,Coimbatore,MECH,ME,60,No,Yes,No,OC/BC/MBC/SC/ST
1598,3016,University College of Engineering,Coimbatore,CS(DIPLOMA),XC,60,No,Yes,No,OC/BC/MBC/SC/ST
1599,3016,University College of Engineering,Coimbatore,ME(DIPLOMA),XM,60,No,Yes,No,OC/BC/MBC/SC/ST
1600,3019,University College of Engineering,Ariyalur,CIVIL,CE,60,No,Yes,No,OC/BC/MBC/SC/ST
1601,3019,University College of Engineering,Ariyalur,CSE,CS,60,No,Yes,No,OC/BC/MBC/SC/ST
1602,3019,University College of Engineering,Ariyalur,ECE,EC,60,No,Yes,No,OC/BC/MBC/SC/ST
1603,3019,University College of Engineering,Ariyalur,EEE,EE,60,No,Yes,No,OC/BC/MBC/SC/ST
1604,3019,University College of Engineering,Ariyalur,MECH,ME,60,No,Yes,No,OC/BC/MBC/SC/ST
1605,3019,University College of Engineering,Ariyalur,CS(DIPLOMA),XC,60,No,Yes,No,OC/BC/MBC/SC/ST
1606,3019,University College of Engineering,Ariyalur,ME(DIPLOMA),XM,60,No,Yes,No,OC/BC/MBC/SC/ST
1607,3021,University College of Engineering,Nagapattinam,CIVIL,CE,60,No,Yes,No,OC/BC/MBC/SC/ST
1608,3021,University College of Engineering,Nagapattinam,CSE,CS,60,No,Yes,No,OC/BC/MBC/SC/ST
1609,3021,University College of Engineering,Nagapattinam,EEE,EE,60,No,Yes,No,OC/BC/MBC/SC/ST
1610,3021,University College of Engineering,Nagapattinam,ECE,EC,60,No,Yes,No,OC/BC/MBC/SC/ST
1611,3021,University College of Engineering,Nagapattinam,MECH,ME,60,No,Yes,No,OC/BC/MBC/SC/ST
1612,3021,University College of Engineering,Nagapattinam,CS(DIPLOMA),XC,60,No,Yes,No,OC/BC/MBC/SC/ST
1613,3021,University College of Engineering,Nagapattinam,ME(DIPLOMA),XM,60,No,Yes,No,OC/BC/MBC/SC/ST
1614,3410,Krishnaswamy Collge of Engineering and Technology,Cuddalore,CIVIL,CE,60,No,Yes,Yes,OC/BC/MBC/SC/ST
1615,3410,Krishnaswamy Collge of Engineering and Technology,Cuddalore,CSE,CS,60,No,Yes,Yes,OC/BC/MBC/SC/ST
1616,3410,Krishnaswamy Collge of Engineering and Technology,Cuddalore,ECE,EC,60,No,Yes,Yes,OC/BC/MBC/SC/ST
1617,3410,Krishnaswamy Collge of Engineering and Technology,Cuddalore,EEE,EE,60,No,Yes,Yes,OC/BC/MBC/SC/ST
1618,3410,Krishnaswamy Collge of Engineering and Technology,Cuddalore,MECH,ME,60,No,Yes,Yes,OC/BC/MBC/SC/ST
1619,3446,Prime College of Architecture and Planning,Cuddalore,ARCH,AR,80,No,Yes,Yes,OC/BC/MBC/SC/ST
1620,3451,SMR East Coast College of Engineering & Technology,Cuddalore,CSE,CS,15,No,Yes,Yes,OC/BC/MBC/SC/ST
1621,3451,SMR East Coast College of Engineering & Technology,Cuddalore,CIVIL,CE,15,No,Yes,Yes,OC/BC/MBC/SC/ST
1622,3451,SMR East Coast College of Engineering & Technology,Cuddalore,MECH,ME,15,No,Yes,Yes,OC/BC/MBC/SC/ST
1623,3454,Sri Ramakrishna College of Engineering,Nagapattinam,AGRI,AG,60,No,Yes,Yes,OC/BC/MBC/SC/ST
1624,3454,Sri Ramakrishna College of Engineering,Nagapattinam,CIVIL,CE,60,No,Yes,Yes,OC/BC/MBC/SC/ST
1625,3454,Sri Ramakrishna College of Engineering,Nagapattinam,CSE,CS,60,No,Yes,Yes,OC/BC/MBC/SC/ST
1626,3454,Sri Ramakrishna College of Engineering,Nagapattinam,MECH,ME,60,No,Yes,Yes,OC/BC/MBC/SC/ST
1627,3454,Sri Ramakrishna College of Engineering,Nagapattinam,BIOMED,BM,60,No,Yes,Yes,OC/BC/MBC/SC/ST
1628,3460,Surya College of Engineering,Perambalur,EEE,EE,60,No,Yes,Yes,OC/BC/MBC/SC/ST
1629,3460,Surya College of Engineering,Perambalur,CSE,CS,60,No,Yes,Yes,OC/BC/MBC/SC/ST
1630,3460,Surya College of Engineering,Perambalur,MECH,ME,60,No,Yes,Yes,OC/BC/MBC/SC/ST
1631,3460,Surya College of Engineering,Perambalur,CIVIL,CE,60,No,Yes,Yes,OC/BC/MBC/SC/ST
1632,3461,Arifa Institute of Technology(Formerly Haji sheik Ismail Engineering College),Thanjavur,CSE,CS,54,No,Yes,Yes,OC/BC/MBC/SC/ST
1633,3461,Arifa Institute of Technology(Formerly Haji sheik Ismail Engineering College),Thanjavur,ECE,EC,30,No,Yes,Yes,OC/BC/MBC/SC/ST
1634,3461,Arifa Institute of Technology(Formerly Haji sheik Ismail Engineering College),Thanjavur,EEE,EE,54,No,Yes,Yes,OC/BC/MBC/SC/ST
1635,3461,Arifa Institute of Technology(Formerly Haji sheik Ismail Engineering College),Thanjavur,MECH,ME,54,No,Yes,Yes,OC/BC/MBC/SC/ST
1636,3464,Government College of Engineering,Tiruchirappalli,CIVIL,CE,60,No,Yes,No,OC/BC/MBC/SC/ST
1637,3464,Government College of Engineering,Tiruchirappalli,MECH,ME,60,No,Yes,No,OC/BC/MBC/SC/ST
1638,3464,Government College of Engineering,Tiruchirappalli,EEE,EE,60,No,Yes,No,OC/BC/MBC/SC/ST
1639,3464,Government College of Engineering,Tiruchirappalli,CSE,CS,60,No,Yes,No,OC/BC/MBC/SC/ST
1640,3464,Government College of Engineering,Tiruchirappalli,ECE,EC,60,No,Yes,No,OC/BC/MBC/SC/ST
1641,3465,Government College of Engineering,Pincode,CIVIL,CE,60,No,Yes,No,OC/BC/MBC/SC/ST
1642,3465,Government College of Engineering,Pincode,CSE,CS,60,No,Yes,No,OC/BC/MBC/SC/ST
1643,3465,Government College of Engineering,Pincode,ECE,EC,60,No,Yes,No,OC/BC/MBC/SC/ST
1644,3465,Government College of Engineering,Pincode,EEE,EE,60,No,Yes,No,OC/BC/MBC/SC/ST
1645,3465,Government College of Engineering,Pincode,MECH,ME,60,No,Yes,No,OC/BC/MBC/SC/ST
1646,3466,Nelliandavar Institute of Technology,Thanjavur,MECH,ME,60,No,Yes,Yes,OC/BC/MBC/SC/ST
1647,3466,Nelliandavar Institute of Technology,Thanjavur,CSE,CS,60,No,Yes,Yes,OC/BC/MBC/SC/ST
1648,3466,Nelliandavar Institute of Technology,Thanjavur,ECE,EC,60,No,Yes,Yes,OC/BC/MBC/SC/ST
1649,3466,Nelliandavar Institute of Technology,Thanjavur,CIVIL,CE,60,No,Yes,Yes,OC/BC/MBC/SC/ST
1650,3466,Nelliandavar Institute of Technology,Thanjavur,EEE,EE,60,No,Yes,Yes,OC/BC/MBC/SC/ST
1651,3467,Prime Nest College of Architecture and Planning,Tiruchirappalli,ARCH,AR,40,No,Yes,Yes,OC/BC/MBC/SC/ST
1652,3760,Sir Issac Newton College of Engineering and Technology,Tiruchirappalli,CSE,CS,60,No,Yes,Yes,OC/BC/MBC/SC/ST
1653,3760,Sir Issac Newton College of Engineering and Technology,Tiruchirappalli,ECE,EC,60,No,Yes,Yes,OC/BC/MBC/SC/ST
1654,3760,Sir Issac Newton College of Engineering and Technology,Tiruchirappalli,EEE,EE,60,No,Yes,Yes,OC/BC/MBC/SC/ST
1655,3760,Sir Issac Newton College of Engineering and Technology,Tiruchirappalli,MECH,ME,60,No,Yes,Yes,OC/BC/MBC/SC/ST
1656,3760,Sir Issac Newton College of Engineering and Technology,Tiruchirappalli,AGRI,AG,60,No,Yes,Yes,OC/BC/MBC/SC/ST
1657,3760,Sir Issac Newton College of Engineering and Technology,Tiruchirappalli,AI&DS,AD,60,No,Yes,Yes,OC/BC/MBC/SC/ST
1658,3766,Star Lion College of Engineering & Technology,Tiruchirappalli,CIVIL,CE,60,Yes,Yes,Yes,OC/BC/MBC/SC/ST
1659,3766,Star Lion College of Engineering & Technology,Tiruchirappalli,CSE,CS,60,Yes,Yes,Yes,OC/BC/MBC/SC/ST
1660,3766,Star Lion College of Engineering & Technology,Tiruchirappalli,EEE,EE,30,Yes,Yes,Yes,OC/BC/MBC/SC/ST
1661,3766,Star Lion College of Engineering & Technology,Tiruchirappalli,ECE,EC,60,Yes,Yes,Yes,OC/BC/MBC/SC/ST
1662,3766,Star Lion College of Engineering & Technology,Tiruchirappalli,MECH,ME,60,Yes,Yes,Yes,OC/BC/MBC/SC/ST
1663,3782,OASYS Institute of Technology,Nagapattinam,MECH,ME,60,No,Yes,Yes,OC/BC/MBC/SC/ST
1664,3782,OASYS Institute of Technology,Nagapattinam,ECE,EC,60,No,Yes,Yes,OC/BC/MBC/SC/ST
1665,3782,OASYS Institute of Technology,Nagapattinam,EEE,EE,60,No,Yes,Yes,OC/BC/MBC/SC/ST
1666,3782,OASYS Institute of Technology,Nagapattinam,CSE,CS,60,No,Yes,Yes,OC/BC/MBC/SC/ST
1667,3784,C.A.R.E School of Architecture,Tiruchirappalli,ARCH,AR,80,No,Yes,Yes,OC/BC/MBC/SC/ST
1668,3795,SRM TRP Engineering College,Tiruchirappalli,CIVIL,CE,60,No,Yes,Yes,OC/BC/MBC/SC/ST
1669,3795,SRM TRP Engineering College,Tiruchirappalli,CSE,CS,60,No,Yes,Yes,OC/BC/MBC/SC/ST
1670,3795,SRM TRP Engineering College,Tiruchirappalli,ECE,EC,120,No,Yes,Yes,OC/BC/MBC/SC/ST
1671,3795,SRM TRP Engineering College,Tiruchirappalli,EEE,EE,60,No,Yes,Yes,OC/BC/MBC/SC/ST
1672,3795,SRM TRP Engineering College,Tiruchirappalli,MECH,ME,120,No,Yes,Yes,OC/BC/MBC/SC/ST
1673,3802,Shri Angalamman College of Engineering and Technology Siruganoor,Tiruchirappalli,CIVIL,CE,60,No,Yes,Yes,OC/BC/MBC/SC/ST
1674,3802,Shri Angalamman College of Engineering and Technology Siruganoor,Tiruchirappalli,CSE,CS,60,No,Yes,Yes,OC/BC/MBC/SC/ST
1675,3802,Shri Angalamman College of Engineering and Technology Siruganoor,Tiruchirappalli,EEE,EE,30,No,Yes,Yes,OC/BC/MBC/SC/ST
1676,3802,Shri Angalamman College of Engineering and Technology Siruganoor,Tiruchirappalli,ECE,EC,30,No,Yes,Yes,OC/BC/MBC/SC/ST
1677,3802,Shri Angalamman College of Engineering and Technology Siruganoor,Tiruchirappalli,MECH,ME,120,No,Yes,Yes,OC/BC/MBC/SC/ST
1678,3803,Anjalai Ammal-Mahalingam Engineering College,Mayiladuthurai,CHEM,CH,60,No,Yes,Yes,OC/BC/MBC/SC/ST
1679,3803,Anjalai Ammal-Mahalingam Engineering College,Mayiladuthurai,CIVIL,CE,60,No,Yes,Yes,OC/BC/MBC/SC/ST
1680,3803,Anjalai Ammal-Mahalingam Engineering College,Mayiladuthurai,CSE,CS,90,No,Yes,Yes,OC/BC/MBC/SC/ST
1681,3803,Anjalai Ammal-Mahalingam Engineering College,Mayiladuthurai,ECE,EC,90,No,Yes,Yes,OC/BC/MBC/SC/ST
1682,3803,Anjalai Ammal-Mahalingam Engineering College,Mayiladuthurai,EEE,EE,60,No,Yes,Yes,OC/BC/MBC/SC/ST
1683,3803,Anjalai Ammal-Mahalingam Engineering College,Mayiladuthurai,IT,IT,90,No,Yes,Yes,OC/BC/MBC/SC/ST
1684,3803,Anjalai Ammal-Mahalingam Engineering College,Mayiladuthurai,MECH,ME,90,No,Yes,Yes,OC/BC/MBC/SC/ST
1685,3804,Arasu Engineering College,Tiruchirappalli,AGRI,AG,60,No,Yes,Yes,OC/BC/MBC/SC/ST
1686,3804,Arasu Engineering College,Tiruchirappalli,AUTO,AU,30,No,Yes,Yes,OC/BC/MBC/SC/ST
1687,3804,Arasu Engineering College,Tiruchirappalli,CIVIL,CE,30,No,Yes,Yes,OC/BC/MBC/SC/ST
1688,3804,Arasu Engineering College,Tiruchirappalli,CSE,CS,96,No,Yes,Yes,OC/BC/MBC/SC/ST
1689,3804,Arasu Engineering College,Tiruchirappalli,ECE,EC,60,No,Yes,Yes,OC/BC/MBC/SC/ST
1690,3804,Arasu Engineering College,Tiruchirappalli,EEE,EE,48,No,Yes,Yes,OC/BC/MBC/SC/ST
1691,3804,Arasu Engineering College,Tiruchirappalli,MECH,ME,96,No,Yes,Yes,OC/BC/MBC/SC/ST
1692,3804,Arasu Engineering College,Tiruchirappalli,BIOMED,BM,60,No,Yes,Yes,OC/BC/MBC/SC/ST
1693,3805,Dhanalakshmi Srinivasan Engineering College (Autonomous),Tiruvarur,AERO,AE,60,No,Yes,Yes,OC/BC/MBC/SC/ST
1694,3805,Dhanalakshmi Srinivasan Engineering College (Autonomous),Tiruvarur,AO,AO,60,No,Yes,Yes,OC/BC/MBC/SC/ST
1695,3805,Dhanalakshmi Srinivasan Engineering College (Autonomous),Tiruvarur,CIVIL,CE,120,No,Yes,Yes,OC/BC/MBC/SC/ST
1696,3805,Dhanalakshmi Srinivasan Engineering College (Autonomous),Tiruvarur,CSE,CS,180,No,Yes,Yes,OC/BC/MBC/SC/ST
1697,3805,Dhanalakshmi Srinivasan Engineering College (Autonomous),Tiruvarur,RUBBER,RM,60,No,Yes,Yes,OC/BC/MBC/SC/ST
1698,3805,Dhanalakshmi Srinivasan Engineering College (Autonomous),Tiruvarur,FASHION,FD,60,No,Yes,Yes,OC/BC/MBC/SC/ST
1699,3805,Dhanalakshmi Srinivasan Engineering College (Autonomous),Tiruvarur,IT,IT,60,No,Yes,Yes,OC/BC/MBC/SC/ST
1700,3805,Dhanalakshmi Srinivasan Engineering College (Autonomous),Tiruvarur,PH,PH,60,No,Yes,Yes,OC/BC/MBC/SC/ST
1701,3805,Dhanalakshmi Srinivasan Engineering College (Autonomous),Tiruvarur,AGRI,AG,60,No,Yes,Yes,OC/BC/MBC/SC/ST
1702,3805,Dhanalakshmi Srinivasan Engineering College (Autonomous),Tiruvarur,AI&DS,AD,60,No,Yes,Yes,OC/BC/MBC/SC/ST
1703,3805,Dhanalakshmi Srinivasan Engineering College (Autonomous),Tiruvarur,BIOMED,BM,120,No,Yes,Yes,OC/BC/MBC/SC/ST
1704,3805,Dhanalakshmi Srinivasan Engineering College (Autonomous),Tiruvarur,EEE,EE,120,No,Yes,Yes,OC/BC/MBC/SC/ST
1705,3805,Dhanalakshmi Srinivasan Engineering College (Autonomous),Tiruvarur,ECE,EC,120,No,Yes,Yes,OC/BC/MBC/SC/ST
1706,3805,Dhanalakshmi Srinivasan Engineering College (Autonomous),Tiruvarur,CHEM,CH,120,No,Yes,Yes,OC/BC/MBC/SC/ST
1707,3805,Dhanalakshmi Srinivasan Engineering College (Autonomous),Tiruvarur,MECH,ME,180,No,Yes,Yes,OC/BC/MBC/SC/ST
1708,3808,Jayaram College of Engineering and Technology,Nagapattinam,CIVIL,CE,60,Yes,Yes,Yes,OC/BC/MBC/SC/ST
1709,3808,Jayaram College of Engineering and Technology,Nagapattinam,CSE,CS,60,Yes,Yes,Yes,OC/BC/MBC/SC/ST
1710,3808,Jayaram College of Engineering and Technology,Nagapattinam,ECE,EC,60,Yes,Yes,Yes,OC/BC/MBC/SC/ST
1711,3808,Jayaram College of Engineering and Technology,Nagapattinam,EEE,EE,60,Yes,Yes,Yes,OC/BC/MBC/SC/ST
1712,3808,Jayaram College of Engineering and Technology,Nagapattinam,IT,IT,30,Yes,Yes,Yes,OC/BC/MBC/SC/ST
1713,3808,Jayaram College of Engineering and Technology,Nagapattinam,MECH,ME,60,Yes,Yes,Yes,OC/BC/MBC/SC/ST
1714,3809,Kurinji College of Engineering and Technology,Tiruchirappalli,CSE,CS,45,No,Yes,Yes,OC/BC/MBC/SC/ST
1715,3809,Kurinji College of Engineering and Technology,Tiruchirappalli,ECE,EC,60,No,Yes,Yes,OC/BC/MBC/SC/ST
1716,3809,Kurinji College of Engineering and Technology,Tiruchirappalli,EEE,EE,60,No,Yes,Yes,OC/BC/MBC/SC/ST
1717,3809,Kurinji College of Engineering and Technology,Tiruchirappalli,MECH,ME,60,No,Yes,Yes,OC/BC/MBC/SC/ST
1718,3812,Mookambigai College of Engineering,Tiruchirappalli,CIVIL,CE,60,No,Yes,Yes,OC/BC/MBC/SC/ST
1719,3812,Mookambigai College of Engineering,Tiruchirappalli,CSE,CS,90,No,Yes,Yes,OC/BC/MBC/SC/ST
1720,3812,Mookambigai College of Engineering,Tiruchirappalli,ECE,EC,60,No,Yes,Yes,OC/BC/MBC/SC/ST
1721,3812,Mookambigai College of Engineering,Tiruchirappalli,EEE,EE,60,No,Yes,Yes,OC/BC/MBC/SC/ST
1722,3812,Mookambigai College of Engineering,Tiruchirappalli,EIE,EI,30,No,Yes,Yes,OC/BC/MBC/SC/ST
1723,3812,Mookambigai College of Engineering,Tiruchirappalli,MECH,ME,120,No,Yes,Yes,OC/BC/MBC/SC/ST
1724,3812,Mookambigai College of Engineering,Tiruchirappalli,IT,IT,60,No,Yes,Yes,OC/BC/MBC/SC/ST
1725,3813,Oxford Engineering College,Tiruchirappalli,CIVIL,CE,60,No,Yes,Yes,OC/BC/MBC/SC/ST
1726,3813,Oxford Engineering College,Tiruchirappalli,CSE,CS,60,No,Yes,Yes,OC/BC/MBC/SC/ST
1727,3813,Oxford Engineering College,Tiruchirappalli,ECE,EC,60,No,Yes,Yes,OC/BC/MBC/SC/ST
1728,3813,Oxford Engineering College,Tiruchirappalli,EEE,EE,60,No,Yes,Yes,OC/BC/MBC/SC/ST
1729,3813,Oxford Engineering College,Tiruchirappalli,IT,IT,60,No,Yes,Yes,OC/BC/MBC/SC/ST
1730,3813,Oxford Engineering College,Tiruchirappalli,MECH,ME,60,No,Yes,Yes,OC/BC/MBC/SC/ST
1731,3815,Pavendhar Bharathidasan College of Engineering and Technology,Tiruchirappalli,BIOTECH,BT,30,No,Yes,Yes,OC/BC/MBC/SC/ST
1732,3815,Pavendhar Bharathidasan College of Engineering and Technology,Tiruchirappalli,CIVIL,CE,30,No,Yes,Yes,OC/BC/MBC/SC/ST
1733,3815,Pavendhar Bharathidasan College of Engineering and Technology,Tiruchirappalli,CSE,CS,60,No,Yes,Yes,OC/BC/MBC/SC/ST
1734,3815,Pavendhar Bharathidasan College of Engineering and Technology,Tiruchirappalli,EEE,EE,60,No,Yes,Yes,OC/BC/MBC/SC/ST
1735,3815,Pavendhar Bharathidasan College of Engineering and Technology,Tiruchirappalli,ECE,EC,60,No,Yes,Yes,OC/BC/MBC/SC/ST
1736,3815,Pavendhar Bharathidasan College of Engineering and Technology,Tiruchirappalli,MECH,ME,60,No,Yes,Yes,OC/BC/MBC/SC/ST
1737,3815,Pavendhar Bharathidasan College of Engineering and Technology,Tiruchirappalli,IT,IT,30,No,Yes,Yes,OC/BC/MBC/SC/ST
1738,3815,Pavendhar Bharathidasan College of Engineering and Technology,Tiruchirappalli,TEXTILE,TX,30,No,Yes,Yes,OC/BC/MBC/SC/ST
1739,3817,Roever Engineering College,Thanjavur,CIVIL,CE,60,No,Yes,Yes,OC/BC/MBC/SC/ST
1740,3817,Roever Engineering College,Thanjavur,CSE,CS,90,No,Yes,Yes,OC/BC/MBC/SC/ST
1741,3817,Roever Engineering College,Thanjavur,EEE,EE,60,No,Yes,Yes,OC/BC/MBC/SC/ST
1742,3817,Roever Engineering College,Thanjavur,ECE,EC,60,No,Yes,Yes,OC/BC/MBC/SC/ST
1743,3817,Roever Engineering College,Thanjavur,MECH,ME,120,No,Yes,Yes,OC/BC/MBC/SC/ST
1744,3817,Roever Engineering College,Thanjavur,CHEM,CH,60,No,Yes,Yes,OC/BC/MBC/SC/ST
1745,3817,Roever Engineering College,Thanjavur,BIOTECH,BT,60,No,Yes,Yes,OC/BC/MBC/SC/ST
1746,3819,Saranathan College of Engineering,Tiruchirappalli,AI&DS,AD,60,No,Yes,Yes,OC/BC/MBC/SC/ST
1747,3819,Saranathan College of Engineering,Tiruchirappalli,CSE,CS,120,No,Yes,Yes,OC/BC/MBC/SC/ST
1748,3819,Saranathan College of Engineering,Tiruchirappalli,CS&BUSINESS,CB,60,No,Yes,Yes,OC/BC/MBC/SC/ST
1749,3819,Saranathan College of Engineering,Tiruchirappalli,ECE,EC,120,No,Yes,Yes,OC/BC/MBC/SC/ST
1750,3819,Saranathan College of Engineering,Tiruchirappalli,EEE,EE,60,No,Yes,Yes,OC/BC/MBC/SC/ST
1751,3819,Saranathan College of Engineering,Tiruchirappalli,IT,IT,60,No,Yes,Yes,OC/BC/MBC/SC/ST
1752,3819,Saranathan College of Engineering,Tiruchirappalli,IC,IC,30,No,Yes,Yes,OC/BC/MBC/SC/ST
1753,3819,Saranathan College of Engineering,Tiruchirappalli,CIVIL,CE,30,No,Yes,Yes,OC/BC/MBC/SC/ST
1754,3819,Saranathan College of Engineering,Tiruchirappalli,MECH,ME,60,No,Yes,Yes,OC/BC/MBC/SC/ST
1755,3820,Trichy Engineering College,Taluk,CIVIL,CE,60,No,Yes,Yes,OC/BC/MBC/SC/ST
1756,3820,Trichy Engineering College,Taluk,MECHATRONICS,MC,60,No,Yes,Yes,OC/BC/MBC/SC/ST
1757,3820,Trichy Engineering College,Taluk,EEE,EE,60,No,Yes,Yes,OC/BC/MBC/SC/ST
1758,3820,Trichy Engineering College,Taluk,MECH,ME,120,No,Yes,Yes,OC/BC/MBC/SC/ST
1759,3820,Trichy Engineering College,Taluk,ECE,EC,60,No,Yes,Yes,OC/BC/MBC/SC/ST
1760,3820,Trichy Engineering College,Taluk,CSE,CS,90,No,Yes,Yes,OC/BC/MBC/SC/ST
1761,3822,Dr. Navalar Nedunchezhian College of Engineering,Tiruchirappalli,CIVIL,CE,60,No,Yes,Yes,OC/BC/MBC/SC/ST
1762,3822,Dr. Navalar Nedunchezhian College of Engineering,Tiruchirappalli,CSE,CS,60,No,Yes,Yes,OC/BC/MBC/SC/ST
1763,3822,Dr. Navalar Nedunchezhian College of Engineering,Tiruchirappalli,ECE,EC,60,No,Yes,Yes,OC/BC/MBC/SC/ST
1764,3822,Dr. Navalar Nedunchezhian College of Engineering,Tiruchirappalli,EEE,EE,60,No,Yes,Yes,OC/BC/MBC/SC/ST
1765,3822,Dr. Navalar Nedunchezhian College of Engineering,Tiruchirappalli,MECH,ME,120,No,Yes,Yes,OC/BC/MBC/SC/ST
1766,3825,St. Josephs College of Engineering and Technology,Tiruvarur,CSE,CS,90,No,Yes,Yes,OC/BC/MBC/SC/ST
1767,3825,St. Josephs College of Engineering and Technology,Tiruvarur,ECE,EC,60,No,Yes,Yes,OC/BC/MBC/SC/ST
1768,3825,St. Josephs College of Engineering and Technology,Tiruvarur,EEE,EE,30,No,Yes,Yes,OC/BC/MBC/SC/ST
1769,3825,St. Josephs College of Engineering and Technology,Tiruvarur,MECH,ME,60,No,Yes,Yes,OC/BC/MBC/SC/ST
1770,3826,Kongunadu College of Engineering and Technology (Autonomous),Cuddalore,AGRI,AG,60,No,Yes,Yes,OC/BC/MBC/SC/ST
1771,3826,Kongunadu College of Engineering and Technology (Autonomous),Cuddalore,AI&DS,AD,60,No,Yes,Yes,OC/BC/MBC/SC/ST
1772,3826,Kongunadu College of Engineering and Technology (Autonomous),Cuddalore,BIOMED,BM,60,No,Yes,Yes,OC/BC/MBC/SC/ST
1773,3826,Kongunadu College of Engineering and Technology (Autonomous),Cuddalore,CIVIL,CE,60,No,Yes,Yes,OC/BC/MBC/SC/ST
1774,3826,Kongunadu College of Engineering and Technology (Autonomous),Cuddalore,CSE,CS,60,No,Yes,Yes,OC/BC/MBC/SC/ST
1775,3826,Kongunadu College of Engineering and Technology (Autonomous),Cuddalore,ECE,EC,120,No,Yes,Yes,OC/BC/MBC/SC/ST
1776,3826,Kongunadu College of Engineering and Technology (Autonomous),Cuddalore,EEE,EE,60,No,Yes,Yes,OC/BC/MBC/SC/ST
1777,3826,Kongunadu College of Engineering and Technology (Autonomous),Cuddalore,IT,IT,60,No,Yes,Yes,OC/BC/MBC/SC/ST
1778,3826,Kongunadu College of Engineering and Technology (Autonomous),Cuddalore,MECH,ME,120,No,Yes,Yes,OC/BC/MBC/SC/ST
1779,3831,Indra Ganesan College of Engineering,Tiruchirappalli,CSE,CS,60,No,Yes,Yes,OC/BC/MBC/SC/ST
1780,3831,Indra Ganesan College of Engineering,Tiruchirappalli,ECE,EC,60,No,Yes,Yes,OC/BC/MBC/SC/ST
1781,3831,Indra Ganesan College of Engineering,Tiruchirappalli,EEE,EE,60,No,Yes,Yes,OC/BC/MBC/SC/ST
1782,3831,Indra Ganesan College of Engineering,Tiruchirappalli,MECH,ME,60,No,Yes,Yes,OC/BC/MBC/SC/ST
1783,3831,Indra Ganesan College of Engineering,Tiruchirappalli,IT,IT,60,No,Yes,Yes,OC/BC/MBC/SC/ST
1784,3833,Parisutham Institute of Technology and Science,Tiruchirappalli,AERO,AE,30,Yes,Yes,Yes,OC/BC/MBC/SC/ST
1785,3833,Parisutham Institute of Technology and Science,Tiruchirappalli,CIVIL,CE,60,Yes,Yes,Yes,OC/BC/MBC/SC/ST
1786,3833,Parisutham Institute of Technology and Science,Tiruchirappalli,CSE,CS,60,Yes,Yes,Yes,OC/BC/MBC/SC/ST
1787,3833,Parisutham Institute of Technology and Science,Tiruchirappalli,ECE,EC,60,Yes,Yes,Yes,OC/BC/MBC/SC/ST
1788,3833,Parisutham Institute of Technology and Science,Tiruchirappalli,EEE,EE,60,Yes,Yes,Yes,OC/BC/MBC/SC/ST
1789,3833,Parisutham Institute of Technology and Science,Tiruchirappalli,MECH,ME,60,Yes,Yes,Yes,OC/BC/MBC/SC/ST
1790,3841,CARE College of Engineering,Tiruchirappalli,CIVIL,CE,30,No,Yes,Yes,OC/BC/MBC/SC/ST
1791,3841,CARE College of Engineering,Tiruchirappalli,MECH,ME,60,No,Yes,Yes,OC/BC/MBC/SC/ST
1792,3841,CARE College of Engineering,Tiruchirappalli,ECE,EC,30,No,Yes,Yes,OC/BC/MBC/SC/ST
1793,3841,CARE College of Engineering,Tiruchirappalli,CSE,CS,60,No,Yes,Yes,OC/BC/MBC/SC/ST
1794,3841,CARE College of Engineering,Tiruchirappalli,AI&DS,AD,60,No,Yes,Yes,OC/BC/MBC/SC/ST
1795,3844,Shivani Engineering College,Tiruchirappalli,CSE,CS,30,No,YES,YES,OC/BC/MBC/SC/ST
1796,3844,Shivani Engineering College,Tiruchirappalli,EEE,EE,30,No,YES,YES,OC/BC/MBC/SC/ST
1797,3844,Shivani Engineering College,Tiruchirappalli,MECH,ME,60,No,YES,YES,OC/BC/MBC/SC/ST
1798,3844,Shivani Engineering College,Tiruchirappalli,BIOMED,BM,60,No,YES,YES,OC/BC/MBC/SC/ST
1799,3846,Mother Terasa College of Engineering and Technology,Cuddalore,CIVIL,CE,120,No,Yes,Yes,OC/BC/MBC/SC/ST
1800,3846,Mother Terasa College of Engineering and Technology,Cuddalore,CSE,CS,60,No,Yes,Yes,OC/BC/MBC/SC/ST
1801,3846,Mother Terasa College of Engineering and Technology,Cuddalore,ECE,EC,60,No,Yes,Yes,OC/BC/MBC/SC/ST
1802,3846,Mother Terasa College of Engineering and Technology,Cuddalore,EEE,EE,60,No,Yes,Yes,OC/BC/MBC/SC/ST
1803,3846,Mother Terasa College of Engineering and Technology,Cuddalore,MECH,ME,120,No,Yes,Yes,OC/BC/MBC/SC/ST
1804,3848,Vandayar Engineering College,Tiruchirappalli,CIVIL,CE,60,NO,Yes,Yes,OC/BC/MBC/SC/ST
1805,3848,Vandayar Engineering College,Tiruchirappalli,CSE,CS,60,NO,Yes,Yes,OC/BC/MBC/SC/ST
1806,3848,Vandayar Engineering College,Tiruchirappalli,ECE,EC,30,NO,Yes,Yes,OC/BC/MBC/SC/ST
1807,3848,Vandayar Engineering College,Tiruchirappalli,EEE,EE,30,NO,Yes,Yes,OC/BC/MBC/SC/ST
1808,3848,Vandayar Engineering College,Tiruchirappalli,MECH,ME,120,NO,Yes,Yes,OC/BC/MBC/SC/ST
1809,3849,Annai College of Engineering and Technology,Pudukkottai,CIVIL,CE,120,No,Yes,Yes,OC/BC/MBC/SC/ST
1810,3849,Annai College of Engineering and Technology,Pudukkottai,CSE,CS,60,No,Yes,Yes,OC/BC/MBC/SC/ST
1811,3849,Annai College of Engineering and Technology,Pudukkottai,ECE,EC,120,No,Yes,Yes,OC/BC/MBC/SC/ST
1812,3849,Annai College of Engineering and Technology,Pudukkottai,EEE,EE,60,No,Yes,Yes,OC/BC/MBC/SC/ST
1813,3849,Annai College of Engineering and Technology,Pudukkottai,IT,IT,60,No,Yes,Yes,OC/BC/MBC/SC/ST
1814,3849,Annai College of Engineering and Technology,Pudukkottai,MECH,ME,120,No,Yes,Yes,OC/BC/MBC/SC/ST
1815,3850,Vetri Vinayaha College of Engineering and Technology,Thanjavur,CIVIL,CE,30,No,Yes,Yes,OC/BC/MBC/SC/ST
1816,3850,Vetri Vinayaha College of Engineering and Technology,Thanjavur,CSE,CS,60,No,Yes,Yes,OC/BC/MBC/SC/ST
1817,3850,Vetri Vinayaha College of Engineering and Technology,Thanjavur,ECE,EC,30,No,Yes,Yes,OC/BC/MBC/SC/ST
1818,3850,Vetri Vinayaha College of Engineering and Technology,Thanjavur,MECH,ME,30,No,Yes,Yes,OC/BC/MBC/SC/ST
1819,3850,Vetri Vinayaha College of Engineering and Technology,Thanjavur,EEE,EE,30,No,Yes,Yes,OC/BC/MBC/SC/ST
1820,3852,Sri Bharathi Engineering College for Women,Thanjavur,CIVIL,CE,60,No,No,Yes,OC/BC/MBC/SC/ST
1821,3852,Sri Bharathi Engineering College for Women,Thanjavur,CSE,CS,60,No,No,Yes,OC/BC/MBC/SC/ST
1822,3852,Sri Bharathi Engineering College for Women,Thanjavur,EEE,EE,60,No,No,Yes,OC/BC/MBC/SC/ST
1823,3852,Sri Bharathi Engineering College for Women,Thanjavur,ECE,EC,60,No,No,Yes,OC/BC/MBC/SC/ST
1824,3854,Mahath Amma Institute of Engineering and Technology (MIET),Tiruchirappalli,CSE,CS,60,No,Yes,Yes,OC/BC/MBC/SC/ST
1825,3854,Mahath Amma Institute of Engineering and Technology (MIET),Tiruchirappalli,MECH,ME,120,No,Yes,Yes,OC/BC/MBC/SC/ST
1826,3854,Mahath Amma Institute of Engineering and Technology (MIET),Tiruchirappalli,EEE,EE,60,No,Yes,Yes,OC/BC/MBC/SC/ST
1827,3855,As-Salam College of Engineering and Technology,Pudukkottai,CIVIL,CE,60,No,Yes,Yes,OC/BC/MBC/SC/ST
1828,3855,As-Salam College of Engineering and Technology,Pudukkottai,CSE,CS,60,No,Yes,Yes,OC/BC/MBC/SC/ST
1829,3855,As-Salam College of Engineering and Technology,Pudukkottai,EEE,EE,60,No,Yes,Yes,OC/BC/MBC/SC/ST
1830,3855,As-Salam College of Engineering and Technology,Pudukkottai,ECE,EC,60,No,Yes,Yes,OC/BC/MBC/SC/ST
1831,3855,As-Salam College of Engineering and Technology,Pudukkottai,MECH,ME,120,No,Yes,Yes,OC/BC/MBC/SC/ST
1832,3857,Meenakshi Ramaswamy Engineering College,Pudukkottai,MECH,ME,90,No,Yes,Yes,OC/BC/MBC/SC/ST
1833,3857,Meenakshi Ramaswamy Engineering College,Pudukkottai,ECE,EC,60,No,Yes,Yes,OC/BC/MBC/SC/ST
1834,3857,Meenakshi Ramaswamy Engineering College,Pudukkottai,CIVIL,CE,30,No,Yes,Yes,OC/BC/MBC/SC/ST
1835,3857,Meenakshi Ramaswamy Engineering College,Pudukkottai,CSE,CS,60,No,Yes,Yes,OC/BC/MBC/SC/ST
1836,3857,Meenakshi Ramaswamy Engineering College,Pudukkottai,EEE,EE,60,No,Yes,Yes,OC/BC/MBC/SC/ST
1837,3859,Sembodai Rukmani Varatharajan Engineering College,Thanjavur,CIVIL,CE,30,No,Yes,Yes,OC/BC/MBC/SC/ST
1838,3859,Sembodai Rukmani Varatharajan Engineering College,Thanjavur,ECE,EC,30,No,Yes,Yes,OC/BC/MBC/SC/ST
1839,3859,Sembodai Rukmani Varatharajan Engineering College,Thanjavur,EEE,EE,60,No,Yes,Yes,OC/BC/MBC/SC/ST
1840,3859,Sembodai Rukmani Varatharajan Engineering College,Thanjavur,CSE,CS,30,No,Yes,Yes,OC/BC/MBC/SC/ST
1841,3859,Sembodai Rukmani Varatharajan Engineering College,Thanjavur,MECH,ME,60,No,Yes,Yes,OC/BC/MBC/SC/ST
1842,3860,St. Annes College of Engineering and Technology,Ariyalur,CSE,CS,60,No,Yes,Yes,OC/BC/MBC/SC/ST
1843,3860,St. Annes College of Engineering and Technology,Ariyalur,ECE,EC,60,No,Yes,Yes,OC/BC/MBC/SC/ST
1844,3860,St. Annes College of Engineering and Technology,Ariyalur,EEE,EE,60,No,Yes,Yes,OC/BC/MBC/SC/ST
1845,3860,St. Annes College of Engineering and Technology,Ariyalur,MECH,ME,60,No,Yes,Yes,OC/BC/MBC/SC/ST
1846,3918,Shanmuganathan Engineering College,Cuddalore,CSE,CS,60,No,Yes,Yes,OC/BC/MBC/SC/ST
1847,3918,Shanmuganathan Engineering College,Cuddalore,ECE,EC,30,No,Yes,Yes,OC/BC/MBC/SC/ST
1848,3918,Shanmuganathan Engineering College,Cuddalore,EEE,EE,30,No,Yes,Yes,OC/BC/MBC/SC/ST
1849,3918,Shanmuganathan Engineering College,Cuddalore,MECH,ME,30,No,Yes,Yes,OC/BC/MBC/SC/ST
1850,3918,Shanmuganathan Engineering College,Cuddalore,CIVIL,CE,30,No,Yes,Yes,OC/BC/MBC/SC/ST
1851,3920,Sudharsan Engineering College,Pincode,CIVIL,CE,30,No,Yes,Yes,OC/BC/MBC/SC/ST
1852,3920,Sudharsan Engineering College,Pincode,CSE,CS,60,No,Yes,Yes,OC/BC/MBC/SC/ST
1853,3920,Sudharsan Engineering College,Pincode,ECE,EC,30,No,Yes,Yes,OC/BC/MBC/SC/ST
1854,3920,Sudharsan Engineering College,Pincode,EEE,EE,30,No,Yes,Yes,OC/BC/MBC/SC/ST
1855,3920,Sudharsan Engineering College,Pincode,MECH,ME,60,No,Yes,Yes,OC/BC/MBC/SC/ST
1856,3920,Sudharsan Engineering College,Pincode,AI&DS,AD,60,No,Yes,Yes,OC/BC/MBC/SC/ST
1857,3926,CHENDURAN COLLEGE OF ENGINEERING & TECHNOLOGY,Pudukkottai,CIVIL,CE,60,No,Yes,Yes,OC/BC/MBC/SC/ST
1858,3926,CHENDURAN COLLEGE OF ENGINEERING & TECHNOLOGY,Pudukkottai,CSE,CS,60,No,Yes,Yes,OC/BC/MBC/SC/ST
1859,3926,CHENDURAN COLLEGE OF ENGINEERING & TECHNOLOGY,Pudukkottai,ECE,EC,60,No,Yes,Yes,OC/BC/MBC/SC/ST
1860,3926,CHENDURAN COLLEGE OF ENGINEERING & TECHNOLOGY,Pudukkottai,EEE,EE,60,No,Yes,Yes,OC/BC/MBC/SC/ST
1861,3926,CHENDURAN COLLEGE OF ENGINEERING & TECHNOLOGY,Pudukkottai,MECH,ME,120,No,Yes,Yes,OC/BC/MBC/SC/ST
1862,4020,Anna University Regional Campus - Tirunelveli,Pudukkottai,CSE,CS,60,No,Yes,No,OC/BC/MBC/SC/ST
1863,4020,Anna University Regional Campus - Tirunelveli,Pudukkottai,ECE,EC,60,No,Yes,No,OC/BC/MBC/SC/ST
1864,4020,Anna University Regional Campus - Tirunelveli,Pudukkottai,GEOINFORMATICS,GI,60,No,Yes,No,OC/BC/MBC/SC/ST
1865,4020,Anna University Regional Campus - Tirunelveli,Pudukkottai,MECH,ME,60,No,Yes,No,OC/BC/MBC/SC/ST
1866,4023,University College of Engineering,Pudukkottai,CIVIL,CE,60,No,Yes,No,OC/BC/MBC/SC/ST
1867,4023,University College of Engineering,Pudukkottai,CS(DIPLOMA),XC,60,No,Yes,No,OC/BC/MBC/SC/ST
1868,4023,University College of Engineering,Pudukkottai,CSE,CS,120,No,Yes,No,OC/BC/MBC/SC/ST
1869,4023,University College of Engineering,Pudukkottai,EEE,EE,60,No,Yes,No,OC/BC/MBC/SC/ST
1870,4023,University College of Engineering,Pudukkottai,ECE,EC,60,No,Yes,No,OC/BC/MBC/SC/ST
1871,4023,University College of Engineering,Pudukkottai,MECH,ME,60,No,Yes,No,OC/BC/MBC/SC/ST
1872,4023,University College of Engineering,Pudukkottai,ME(DIPLOMA),XM,60,No,Yes,No,OC/BC/MBC/SC/ST
1873,4023,University College of Engineering,Pudukkottai,IT,IT,60,No,Yes,No,OC/BC/MBC/SC/ST
1874,4669,Thamirabharani Engineering College,Kanyakumari,CIVIL,CE,60,No,Yes,Yes,OC/BC/MBC/SC/ST
1875,4669,Thamirabharani Engineering College,Kanyakumari,CSE,CS,60,No,Yes,Yes,OC/BC/MBC/SC/ST
1876,4669,Thamirabharani Engineering College,Kanyakumari,ECE,EC,60,No,Yes,Yes,OC/BC/MBC/SC/ST
1877,4669,Thamirabharani Engineering College,Kanyakumari,EEE,EE,60,No,Yes,Yes,OC/BC/MBC/SC/ST
1878,4669,Thamirabharani Engineering College,Kanyakumari,MECH,ME,60,No,Yes,Yes,OC/BC/MBC/SC/ST
1879,4670,Rohini College of Engineering & Technology,Thoothukudi,CSE,CS,60,No,Yes,Yes,OC/BC/MBC/SC/ST
1880,4670,Rohini College of Engineering & Technology,Thoothukudi,ECE,EC,120,No,Yes,Yes,OC/BC/MBC/SC/ST
1881,4670,Rohini College of Engineering & Technology,Thoothukudi,MECH,ME,180,No,Yes,Yes,OC/BC/MBC/SC/ST
1882,4670,Rohini College of Engineering & Technology,Thoothukudi,EEE,EE,60,No,Yes,Yes,OC/BC/MBC/SC/ST
1883,4670,Rohini College of Engineering & Technology,Thoothukudi,CIVIL,CE,60,No,Yes,Yes,OC/BC/MBC/SC/ST
1884,4670,Rohini College of Engineering & Technology,Thoothukudi,AGRI,AG,60,No,Yes,Yes,OC/BC/MBC/SC/ST
1885,4671,Sigma College of Architecture,Tirunelveli,ARCH,AR,80,No,Yes,Yes,OC/BC/MBC/SC/ST
1886,4672,Stella Marys College of Engineering,Kanyakumari,CIVIL,CE,60,No,Yes,Yes,OC/BC/MBC/SC/ST
1887,4672,Stella Marys College of Engineering,Kanyakumari,CSE,CS,60,No,Yes,Yes,OC/BC/MBC/SC/ST
1888,4672,Stella Marys College of Engineering,Kanyakumari,ECE,EC,60,No,Yes,Yes,OC/BC/MBC/SC/ST
1889,4672,Stella Marys College of Engineering,Kanyakumari,EEE,EE,60,No,Yes,Yes,OC/BC/MBC/SC/ST
1890,4672,Stella Marys College of Engineering,Kanyakumari,MECH,ME,60,No,Yes,Yes,OC/BC/MBC/SC/ST
1891,4675,Universal College of Engineering and Technology,Taluk,CIVIL,CE,30,No,Yes,Yes,OC/BC/MBC/SC/ST
1892,4675,Universal College of Engineering and Technology,Taluk,CSE,CS,60,No,Yes,Yes,OC/BC/MBC/SC/ST
1893,4675,Universal College of Engineering and Technology,Taluk,EEE,EE,60,No,Yes,Yes,OC/BC/MBC/SC/ST
1894,4675,Universal College of Engineering and Technology,Taluk,ECE,EC,60,No,Yes,Yes,OC/BC/MBC/SC/ST
1895,4675,Universal College of Engineering and Technology,Taluk,MECH,ME,60,No,Yes,Yes,OC/BC/MBC/SC/ST
1896,4677,Lourdes Mount College of Engineering and Technology,Kanyakumari,MECH,ME,60,No,Yes,Yes,OC/BC/MBC/SC/ST
1897,4677,Lourdes Mount College of Engineering and Technology,Kanyakumari,ECE,EC,60,No,Yes,Yes,OC/BC/MBC/SC/ST
1898,4677,Lourdes Mount College of Engineering and Technology,Kanyakumari,CIVIL,CE,60,No,Yes,Yes,OC/BC/MBC/SC/ST
1899,4677,Lourdes Mount College of Engineering and Technology,Kanyakumari,CSE,CS,60,No,Yes,Yes,OC/BC/MBC/SC/ST
1900,4677,Lourdes Mount College of Engineering and Technology,Kanyakumari,EEE,EE,60,No,Yes,Yes,OC/BC/MBC/SC/ST
1901,4678,Ramco Institute of Technology,Tirunelveli,CIVIL,CE,60,No,Yes,Yes,OC/BC/MBC/SC/ST
1902,4678,Ramco Institute of Technology,Tirunelveli,CSE,CS,60,No,Yes,Yes,OC/BC/MBC/SC/ST
1903,4678,Ramco Institute of Technology,Tirunelveli,AI&DS,AD,60,No,Yes,Yes,OC/BC/MBC/SC/ST
1904,4678,Ramco Institute of Technology,Tirunelveli,ECE,EC,120,No,Yes,Yes,OC/BC/MBC/SC/ST
1905,4678,Ramco Institute of Technology,Tirunelveli,EEE,EE,60,No,Yes,Yes,OC/BC/MBC/SC/ST
1906,4678,Ramco Institute of Technology,Tirunelveli,MECH,ME,60,No,Yes,Yes,OC/BC/MBC/SC/ST
1907,4680,AAA College of Engineering and Technology,Virudhunagar,CIVIL,CE,60,No,Yes,Yes,OC/BC/MBC/SC/ST
1908,4680,AAA College of Engineering and Technology,Virudhunagar,CSE,CS,60,No,Yes,Yes,OC/BC/MBC/SC/ST
1909,4680,AAA College of Engineering and Technology,Virudhunagar,EEE,EE,60,No,Yes,Yes,OC/BC/MBC/SC/ST
1910,4680,AAA College of Engineering and Technology,Virudhunagar,ECE,EC,60,No,Yes,Yes,OC/BC/MBC/SC/ST
1911,4680,AAA College of Engineering and Technology,Virudhunagar,MECH,ME,60,No,Yes,Yes,OC/BC/MBC/SC/ST
1912,4686,GOOD SHEPHERD COLLEGE OF ENGINEERING AND TECHNOLOGY,Virudhunagar,CIVIL,CE,60,No,Yes,Yes,OC/BC/MBC/SC/ST
1913,4686,GOOD SHEPHERD COLLEGE OF ENGINEERING AND TECHNOLOGY,Virudhunagar,CSE,CS,60,No,Yes,Yes,OC/BC/MBC/SC/ST
1914,4686,GOOD SHEPHERD COLLEGE OF ENGINEERING AND TECHNOLOGY,Virudhunagar,ECE,EC,60,No,Yes,Yes,OC/BC/MBC/SC/ST
1915,4686,GOOD SHEPHERD COLLEGE OF ENGINEERING AND TECHNOLOGY,Virudhunagar,MECH,ME,60,No,Yes,Yes,OC/BC/MBC/SC/ST
1916,4917,Sethu Institute of Technology (Autonomous),Kanyakumari,AGRI,AG,60,No,Yes,Yes,OC/BC/MBC/SC/ST
1917,4917,Sethu Institute of Technology (Autonomous),Kanyakumari,BIOMED,BM,60,No,Yes,Yes,OC/BC/MBC/SC/ST
1918,4917,Sethu Institute of Technology (Autonomous),Kanyakumari,BIOTECH,BT,60,No,Yes,Yes,OC/BC/MBC/SC/ST
1919,4917,Sethu Institute of Technology (Autonomous),Kanyakumari,CS&BUSINESS,CB,60,No,Yes,Yes,OC/BC/MBC/SC/ST
1920,4917,Sethu Institute of Technology (Autonomous),Kanyakumari,CIVIL,CE,60,No,Yes,Yes,OC/BC/MBC/SC/ST
1921,4917,Sethu Institute of Technology (Autonomous),Kanyakumari,CSE,CS,180,No,Yes,Yes,OC/BC/MBC/SC/ST
1922,4917,Sethu Institute of Technology (Autonomous),Kanyakumari,CHEM,CH,60,No,Yes,Yes,OC/BC/MBC/SC/ST
1923,4917,Sethu Institute of Technology (Autonomous),Kanyakumari,ECE,EC,180,No,Yes,Yes,OC/BC/MBC/SC/ST
1924,4917,Sethu Institute of Technology (Autonomous),Kanyakumari,EEE,EE,120,No,Yes,Yes,OC/BC/MBC/SC/ST
1925,4917,Sethu Institute of Technology (Autonomous),Kanyakumari,IT,IT,60,No,Yes,Yes,OC/BC/MBC/SC/ST
1926,4917,Sethu Institute of Technology (Autonomous),Kanyakumari,MECH,ME,180,No,Yes,Yes,OC/BC/MBC/SC/ST
1927,4917,Sethu Institute of Technology (Autonomous),Kanyakumari,AI&DS,AD,60,No,Yes,Yes,OC/BC/MBC/SC/ST
1928,4917,Sethu Institute of Technology (Autonomous),Kanyakumari,CD,CD,60,No,Yes,Yes,OC/BC/MBC/SC/ST
1929,4927,Maria College of Engineering and Technology,Thoothukudi,AUTO,AU,30,No,Yes,Yes,OC/BC/MBC/SC/ST
1930,4927,Maria College of Engineering and Technology,Thoothukudi,CSE,CS,60,No,Yes,Yes,OC/BC/MBC/SC/ST
1931,4927,Maria College of Engineering and Technology,Thoothukudi,CIVIL,CE,60,No,Yes,Yes,OC/BC/MBC/SC/ST
1932,4927,Maria College of Engineering and Technology,Thoothukudi,EEE,EE,30,No,Yes,Yes,OC/BC/MBC/SC/ST
1933,4927,Maria College of Engineering and Technology,Thoothukudi,ECE,EC,30,No,Yes,Yes,OC/BC/MBC/SC/ST
1934,4927,Maria College of Engineering and Technology,Thoothukudi,MECH,ME,120,No,Yes,Yes,OC/BC/MBC/SC/ST
1935,4928,MAR Ephraem College of Engineering & Technology,Virudhunagar,CIVIL,CE,120,Yes,Yes,Yes,OC/BC/MBC/SC/ST
1936,4928,MAR Ephraem College of Engineering & Technology,Virudhunagar,CSE,CS,60,Yes,Yes,Yes,OC/BC/MBC/SC/ST
1937,4928,MAR Ephraem College of Engineering & Technology,Virudhunagar,ECE,EC,60,Yes,Yes,Yes,OC/BC/MBC/SC/ST
1938,4928,MAR Ephraem College of Engineering & Technology,Virudhunagar,EEE,EE,60,Yes,Yes,Yes,OC/BC/MBC/SC/ST
1939,4928,MAR Ephraem College of Engineering & Technology,Virudhunagar,MECH,ME,120,Yes,Yes,Yes,OC/BC/MBC/SC/ST
1940,4931,Grace College of Engineering,Kanyakumari,CSE,CS,60,No,Yes,Yes,OC/BC/MBC/SC/ST
1941,4931,Grace College of Engineering,Kanyakumari,ECE,EC,60,No,Yes,Yes,OC/BC/MBC/SC/ST
1942,4931,Grace College of Engineering,Kanyakumari,MECH,ME,45,No,Yes,Yes,OC/BC/MBC/SC/ST
1943,4931,Grace College of Engineering,Kanyakumari,EEE,EE,30,No,Yes,Yes,OC/BC/MBC/SC/ST
1944,4931,Grace College of Engineering,Kanyakumari,CIVIL,CE,30,No,Yes,Yes,OC/BC/MBC/SC/ST
1945,4932,Immanuel Arasar J J College of Engineering,Kanyakumari,AERO,AE,30,No,Yes,Yes,OC/BC/MBC/SC/ST
1946,4932,Immanuel Arasar J J College of Engineering,Kanyakumari,ECE,EC,30,No,Yes,Yes,OC/BC/MBC/SC/ST
1947,4932,Immanuel Arasar J J College of Engineering,Kanyakumari,IT,IT,30,No,Yes,Yes,OC/BC/MBC/SC/ST
1948,4932,Immanuel Arasar J J College of Engineering,Kanyakumari,EEE,EE,30,No,Yes,Yes,OC/BC/MBC/SC/ST
1949,4932,Immanuel Arasar J J College of Engineering,Kanyakumari,CIVIL,CE,48,No,Yes,Yes,OC/BC/MBC/SC/ST
1950,4932,Immanuel Arasar J J College of Engineering,Kanyakumari,MECH,ME,60,No,Yes,Yes,OC/BC/MBC/SC/ST
1951,4932,Immanuel Arasar J J College of Engineering,Kanyakumari,CSE,CS,48,No,Yes,Yes,OC/BC/MBC/SC/ST
1952,4933,St. Mother Theresa Engineering College,Thoothukudi,CIVIL,CE,60,No,Yes,Yes,OC/BC/MBC/SC/ST
1953,4933,St. Mother Theresa Engineering College,Thoothukudi,CSE,CS,60,No,Yes,Yes,OC/BC/MBC/SC/ST
1954,4933,St. Mother Theresa Engineering College,Thoothukudi,ECE,EC,120,No,Yes,Yes,OC/BC/MBC/SC/ST
1955,4933,St. Mother Theresa Engineering College,Thoothukudi,EEE,EE,60,No,Yes,Yes,OC/BC/MBC/SC/ST
1956,4933,St. Mother Theresa Engineering College,Thoothukudi,MECH,ME,120,No,Yes,Yes,OC/BC/MBC/SC/ST
1957,4934,Holy Cross Engineering College,Kanyakumari,CSE,CS,60,No,Yes,Yes,OC/BC/MBC/SC/ST
1958,4934,Holy Cross Engineering College,Kanyakumari,ECE,EC,60,No,Yes,Yes,OC/BC/MBC/SC/ST
1959,4934,Holy Cross Engineering College,Kanyakumari,EEE,EE,60,No,Yes,Yes,OC/BC/MBC/SC/ST
1960,4934,Holy Cross Engineering College,Kanyakumari,MECH,ME,60,No,Yes,Yes,OC/BC/MBC/SC/ST
1961,4938,Sivaji College of Engineering and Technology,Thoothukudi,CSE,CS,30,No,Yes,Yes,OC/BC/MBC/SC/ST
1962,4938,Sivaji College of Engineering and Technology,Thoothukudi,CIVIL,CE,60,No,Yes,Yes,OC/BC/MBC/SC/ST
1963,4938,Sivaji College of Engineering and Technology,Thoothukudi,EEE,EE,30,No,Yes,Yes,OC/BC/MBC/SC/ST
1964,4938,Sivaji College of Engineering and Technology,Thoothukudi,MECH,ME,60,No,Yes,Yes,OC/BC/MBC/SC/ST
1965,4941,Unnamalai Institute of Technology,Tenkasi,CSE,CS,60,No,Yes,Yes,OC/BC/MBC/SC/ST
1966,4941,Unnamalai Institute of Technology,Tenkasi,ECE,EC,60,No,Yes,Yes,OC/BC/MBC/SC/ST
1967,4941,Unnamalai Institute of Technology,Tenkasi,EEE,EE,60,No,Yes,Yes,OC/BC/MBC/SC/ST
1968,4941,Unnamalai Institute of Technology,Tenkasi,MECH,ME,60,No,Yes,Yes,OC/BC/MBC/SC/ST
1969,4943,Satyam College of Engineering & Technology,Kanyakumari,AERO,AE,54,No,Yes,Yes,OC/BC/MBC/SC/ST
1970,4943,Satyam College of Engineering & Technology,Kanyakumari,CIVIL,CE,54,No,Yes,Yes,OC/BC/MBC/SC/ST
1971,4943,Satyam College of Engineering & Technology,Kanyakumari,CSE,CS,54,No,Yes,Yes,OC/BC/MBC/SC/ST
1972,4943,Satyam College of Engineering & Technology,Kanyakumari,ECE,EC,45,No,Yes,Yes,OC/BC/MBC/SC/ST
1973,4943,Satyam College of Engineering & Technology,Kanyakumari,EEE,EE,45,No,Yes,Yes,OC/BC/MBC/SC/ST
1974,4943,Satyam College of Engineering & Technology,Kanyakumari,MECH,ME,54,No,Yes,Yes,OC/BC/MBC/SC/ST
1975,4944,Arunachala College of Engineering for Women,Thoothukudi,CIVIL,CE,60,No,No,Yes,OC/BC/MBC/SC/ST
1976,4944,Arunachala College of Engineering for Women,Thoothukudi,CSE,CS,120,No,No,Yes,OC/BC/MBC/SC/ST
1977,4944,Arunachala College of Engineering for Women,Thoothukudi,ECE,EC,180,No,No,Yes,OC/BC/MBC/SC/ST
1978,4944,Arunachala College of Engineering for Women,Thoothukudi,EEE,EE,60,No,No,Yes,OC/BC/MBC/SC/ST
1979,4944,Arunachala College of Engineering for Women,Thoothukudi,AI&DS,AD,60,No,No,Yes,OC/BC/MBC/SC/ST
1980,4945,Vins Christian Womens College of Engineering,Kanyakumari,CIVIL,CE,60,No,No,Yes,OC/BC/MBC/SC/ST
1981,4945,Vins Christian Womens College of Engineering,Kanyakumari,CSE,CS,60,No,No,Yes,OC/BC/MBC/SC/ST
1982,4945,Vins Christian Womens College of Engineering,Kanyakumari,ECE,EC,120,No,No,Yes,OC/BC/MBC/SC/ST
1983,4948,Rajas Institute of Technology,Kanyakumari,CIVIL,CE,60,No,Yes,Yes,OC/BC/MBC/SC/ST
1984,4948,Rajas Institute of Technology,Kanyakumari,CSE,CS,60,No,Yes,Yes,OC/BC/MBC/SC/ST
1985,4948,Rajas Institute of Technology,Kanyakumari,ECE,EC,60,No,Yes,Yes,OC/BC/MBC/SC/ST
1986,4948,Rajas Institute of Technology,Kanyakumari,EEE,EE,30,No,Yes,Yes,OC/BC/MBC/SC/ST
1987,4948,Rajas Institute of Technology,Kanyakumari,FT,FT,60,No,Yes,Yes,OC/BC/MBC/SC/ST
1988,4953,CAPE Institute of Technology,Tirunelveli,CIVIL,CE,60,No,Yes,Yes,OC/BC/MBC/SC/ST
1989,4953,CAPE Institute of Technology,Tirunelveli,CSE,CS,120,No,Yes,Yes,OC/BC/MBC/SC/ST
1990,4953,CAPE Institute of Technology,Tirunelveli,EEE,EE,60,No,Yes,Yes,OC/BC/MBC/SC/ST
1991,4953,CAPE Institute of Technology,Tirunelveli,ECE,EC,60,No,Yes,Yes,OC/BC/MBC/SC/ST
1992,4953,CAPE Institute of Technology,Tirunelveli,MECH,ME,120,No,Yes,Yes,OC/BC/MBC/SC/ST
1993,4953,CAPE Institute of Technology,Tirunelveli,IT,IT,30,No,Yes,Yes,OC/BC/MBC/SC/ST
1994,4954,Dr. Sivanthi Aditanar College of Engineering,Kanyakumari,CIVIL,CE,30,No,Yes,Yes,OC/BC/MBC/SC/ST
1995,4954,Dr. Sivanthi Aditanar College of Engineering,Kanyakumari,CSE,CS,60,No,Yes,Yes,OC/BC/MBC/SC/ST
1996,4954,Dr. Sivanthi Aditanar College of Engineering,Kanyakumari,ECE,EC,30,No,Yes,Yes,OC/BC/MBC/SC/ST
1997,4954,Dr. Sivanthi Aditanar College of Engineering,Kanyakumari,EEE,EE,30,No,Yes,Yes,OC/BC/MBC/SC/ST
1998,4954,Dr. Sivanthi Aditanar College of Engineering,Kanyakumari,IT,IT,30,No,Yes,Yes,OC/BC/MBC/SC/ST
1999,4954,Dr. Sivanthi Aditanar College of Engineering,Kanyakumari,MECH,ME,30,No,Yes,Yes,OC/BC/MBC/SC/ST
2000,4955,Francis Xavier Engineering College (Autonomous),Tirunelveli,CIVIL,CE,60,No,Yes,Yes,OC/BC/MBC/SC/ST
2001,4955,Francis Xavier Engineering College (Autonomous),Tirunelveli,CSE,CS,120,No,Yes,Yes,OC/BC/MBC/SC/ST
2002,4955,Francis Xavier Engineering College (Autonomous),Tirunelveli,ECE,EC,120,No,Yes,Yes,OC/BC/MBC/SC/ST
2003,4955,Francis Xavier Engineering College (Autonomous),Tirunelveli,EEE,EE,120,No,Yes,Yes,OC/BC/MBC/SC/ST
2004,4955,Francis Xavier Engineering College (Autonomous),Tirunelveli,IT,IT,60,No,Yes,Yes,OC/BC/MBC/SC/ST
2005,4955,Francis Xavier Engineering College (Autonomous),Tirunelveli,MECH,ME,120,No,Yes,Yes,OC/BC/MBC/SC/ST
2006,4955,Francis Xavier Engineering College (Autonomous),Tirunelveli,AI&DS,AD,60,No,Yes,Yes,OC/BC/MBC/SC/ST
2007,4955,Francis Xavier Engineering College (Autonomous),Tirunelveli,CS&BUSINESS,CB,60,No,Yes,Yes,OC/BC/MBC/SC/ST
2008,4956,Jayamatha Engineering College,Thoothukudi,CIVIL,CE,60,No,Yes,Yes,OC/BC/MBC/SC/ST
2009,4956,Jayamatha Engineering College,Thoothukudi,CSE,CS,30,No,Yes,Yes,OC/BC/MBC/SC/ST
2010,4956,Jayamatha Engineering College,Thoothukudi,EEE,EE,34,No,Yes,Yes,OC/BC/MBC/SC/ST
2011,4956,Jayamatha Engineering College,Thoothukudi,ECE,EC,45,No,Yes,Yes,OC/BC/MBC/SC/ST
2012,4956,Jayamatha Engineering College,Thoothukudi,IC,IC,34,No,Yes,Yes,OC/BC/MBC/SC/ST
2013,4956,Jayamatha Engineering College,Thoothukudi,MECH,ME,51,No,Yes,Yes,OC/BC/MBC/SC/ST
2014,4957,Jayaraj Annapackiam CSI College of Engineering,Tirunelveli,CSE,CS,60,Yes,Yes,Yes,OC/BC/MBC/SC/ST
2015,4957,Jayaraj Annapackiam CSI College of Engineering,Tirunelveli,ECE,EC,120,Yes,Yes,Yes,OC/BC/MBC/SC/ST
2016,4957,Jayaraj Annapackiam CSI College of Engineering,Tirunelveli,IT,IT,60,Yes,Yes,Yes,OC/BC/MBC/SC/ST
2017,4957,Jayaraj Annapackiam CSI College of Engineering,Tirunelveli,MECH,ME,60,Yes,Yes,Yes,OC/BC/MBC/SC/ST
2018,4959,Kamaraj College of Engineering and Technology (Autonomous),Kanyakumari,BIOTECH,BT,60,No,Yes,Yes,OC/BC/MBC/SC/ST
2019,4959,Kamaraj College of Engineering and Technology (Autonomous),Kanyakumari,AI&DS,AD,60,No,Yes,Yes,OC/BC/MBC/SC/ST
2020,4959,Kamaraj College of Engineering and Technology (Autonomous),Kanyakumari,CSE,CS,120,No,Yes,Yes,OC/BC/MBC/SC/ST
2021,4959,Kamaraj College of Engineering and Technology (Autonomous),Kanyakumari,CIVIL,CE,30,No,Yes,Yes,OC/BC/MBC/SC/ST
2022,4959,Kamaraj College of Engineering and Technology (Autonomous),Kanyakumari,ECE,EC,60,No,Yes,Yes,OC/BC/MBC/SC/ST
2023,4959,Kamaraj College of Engineering and Technology (Autonomous),Kanyakumari,EEE,EE,30,No,Yes,Yes,OC/BC/MBC/SC/ST
2024,4959,Kamaraj College of Engineering and Technology (Autonomous),Kanyakumari,MECH,ME,60,No,Yes,Yes,OC/BC/MBC/SC/ST
2025,4959,Kamaraj College of Engineering and Technology (Autonomous),Kanyakumari,MECHATRONICS,MC,30,No,Yes,Yes,OC/BC/MBC/SC/ST
2026,4959,Kamaraj College of Engineering and Technology (Autonomous),Kanyakumari,IT,IT,60,No,Yes,Yes,OC/BC/MBC/SC/ST
2027,4960,Mepco Schlenk Engineering College (Autonomous),Thoothukudi,CIVIL,CE,120,No,Yes,Yes,OC/BC/MBC/SC/ST
2028,4960,Mepco Schlenk Engineering College (Autonomous),Thoothukudi,EEE,EE,120,No,Yes,Yes,OC/BC/MBC/SC/ST
2029,4960,Mepco Schlenk Engineering College (Autonomous),Thoothukudi,ECE,EC,180,No,Yes,Yes,OC/BC/MBC/SC/ST
2030,4960,Mepco Schlenk Engineering College (Autonomous),Thoothukudi,CSE,CS,180,No,Yes,Yes,OC/BC/MBC/SC/ST
2031,4960,Mepco Schlenk Engineering College (Autonomous),Thoothukudi,MECH,ME,120,No,Yes,Yes,OC/BC/MBC/SC/ST
2032,4960,Mepco Schlenk Engineering College (Autonomous),Thoothukudi,IT,IT,60,No,Yes,Yes,OC/BC/MBC/SC/ST
2033,4960,Mepco Schlenk Engineering College (Autonomous),Thoothukudi,BIOTECH,BT,60,No,Yes,Yes,OC/BC/MBC/SC/ST
2034,4960,Mepco Schlenk Engineering College (Autonomous),Thoothukudi,BIOMED,BM,60,No,Yes,Yes,OC/BC/MBC/SC/ST
2035,4960,Mepco Schlenk Engineering College (Autonomous),Thoothukudi,AI&DS,AD,60,No,Yes,Yes,OC/BC/MBC/SC/ST
2036,4961,Nellai College of Engineering,Virudhunagar,CIVIL,CE,60,Yes,Yes,Yes,OC/BC/MBC/SC/ST
2037,4961,Nellai College of Engineering,Virudhunagar,CSE,CS,60,Yes,Yes,Yes,OC/BC/MBC/SC/ST
2038,4961,Nellai College of Engineering,Virudhunagar,ECE,EC,60,Yes,Yes,Yes,OC/BC/MBC/SC/ST
2039,4961,Nellai College of Engineering,Virudhunagar,EEE,EE,60,Yes,Yes,Yes,OC/BC/MBC/SC/ST
2040,4961,Nellai College of Engineering,Virudhunagar,MECH,ME,60,Yes,Yes,Yes,OC/BC/MBC/SC/ST
2041,4962,National Engineering College (Autonomous),Virudhunagar,MECH,ME,60,Yes,Yes,Yes,OC/BC/MBC/SC/ST
2042,4962,National Engineering College (Autonomous),Virudhunagar,CSE,CS,120,Yes,Yes,Yes,OC/BC/MBC/SC/ST
2043,4962,National Engineering College (Autonomous),Virudhunagar,ECE,EC,120,Yes,Yes,Yes,OC/BC/MBC/SC/ST
2044,4962,National Engineering College (Autonomous),Virudhunagar,EEE,EE,60,Yes,Yes,Yes,OC/BC/MBC/SC/ST
2045,4962,National Engineering College (Autonomous),Virudhunagar,IT,IT,60,Yes,Yes,Yes,OC/BC/MBC/SC/ST
2046,4962,National Engineering College (Autonomous),Virudhunagar,CIVIL,CE,60,Yes,Yes,Yes,OC/BC/MBC/SC/ST
2047,4966,PET Engineering College,Tirunelveli,CIVIL,CE,60,Yes,Yes,Yes,OC/BC/MBC/SC/ST
2048,4966,PET Engineering College,Tirunelveli,CSE,CS,60,Yes,Yes,Yes,OC/BC/MBC/SC/ST
2049,4966,PET Engineering College,Tirunelveli,EEE,EE,60,Yes,Yes,Yes,OC/BC/MBC/SC/ST
2050,4966,PET Engineering College,Tirunelveli,ECE,EC,60,Yes,Yes,Yes,OC/BC/MBC/SC/ST
2051,4966,PET Engineering College,Tirunelveli,MECH,ME,60,Yes,Yes,Yes,OC/BC/MBC/SC/ST
2052,4967,S Veerasamy Chettiar College of Engineering and Technology,Virudhunagar,CIVIL,CE,60,Yes,Yes,Yes,OC/BC/MBC/SC/ST
2053,4967,S Veerasamy Chettiar College of Engineering and Technology,Virudhunagar,CSE,CS,60,Yes,Yes,Yes,OC/BC/MBC/SC/ST
2054,4967,S Veerasamy Chettiar College of Engineering and Technology,Virudhunagar,ECE,EC,90,Yes,Yes,Yes,OC/BC/MBC/SC/ST
2055,4967,S Veerasamy Chettiar College of Engineering and Technology,Virudhunagar,EEE,EE,60,Yes,Yes,Yes,OC/BC/MBC/SC/ST
2056,4967,S Veerasamy Chettiar College of Engineering and Technology,Virudhunagar,MECH,ME,60,Yes,Yes,Yes,OC/BC/MBC/SC/ST
2057,4968,Sardar Raja College of Engineering,Tirunelveli,CSE,CS,60,No,Yes,Yes,OC/BC/MBC/SC/ST
2058,4968,Sardar Raja College of Engineering,Tirunelveli,ECE,EC,60,No,Yes,Yes,OC/BC/MBC/SC/ST
2059,4968,Sardar Raja College of Engineering,Tirunelveli,MECH,ME,60,No,Yes,Yes,OC/BC/MBC/SC/ST
2060,4968,Sardar Raja College of Engineering,Tirunelveli,CIVIL,CE,30,No,Yes,Yes,OC/BC/MBC/SC/ST
2061,4968,Sardar Raja College of Engineering,Tirunelveli,EEE,EE,30,No,Yes,Yes,OC/BC/MBC/SC/ST
2062,4969,SCAD College of Engineering and Technology,Tenkasi,CIVIL,CE,60,No,Yes,Yes,OC/BC/MBC/SC/ST
2063,4969,SCAD College of Engineering and Technology,Tenkasi,CSE,CS,120,No,Yes,Yes,OC/BC/MBC/SC/ST
2064,4969,SCAD College of Engineering and Technology,Tenkasi,ECE,EC,120,No,Yes,Yes,OC/BC/MBC/SC/ST
2065,4969,SCAD College of Engineering and Technology,Tenkasi,EEE,EE,60,No,Yes,Yes,OC/BC/MBC/SC/ST
2066,4969,SCAD College of Engineering and Technology,Tenkasi,MECH,ME,120,No,Yes,Yes,OC/BC/MBC/SC/ST
2067,4970,Sree Sowdambiga College of Engineering,Tenkasi,CIVIL,CE,60,No,Yes,Yes,OC/BC/MBC/SC/ST
2068,4970,Sree Sowdambiga College of Engineering,Tenkasi,CSE,CS,60,No,Yes,Yes,OC/BC/MBC/SC/ST
2069,4970,Sree Sowdambiga College of Engineering,Tenkasi,ECE,EC,60,No,Yes,Yes,OC/BC/MBC/SC/ST
2070,4970,Sree Sowdambiga College of Engineering,Tenkasi,EEE,EE,60,No,Yes,Yes,OC/BC/MBC/SC/ST
2071,4970,Sree Sowdambiga College of Engineering,Tenkasi,MECH,ME,60,No,Yes,Yes,OC/BC/MBC/SC/ST
2072,4971,St. Xavier Catholic College of Engineering,Tirunelveli,CIVIL,CE,60,No,Yes,Yes,OC/BC/MBC/SC/ST
2073,4971,St. Xavier Catholic College of Engineering,Tirunelveli,CSE,CS,120,No,Yes,Yes,OC/BC/MBC/SC/ST
2074,4971,St. Xavier Catholic College of Engineering,Tirunelveli,ECE,EC,120,No,Yes,Yes,OC/BC/MBC/SC/ST
2075,4971,St. Xavier Catholic College of Engineering,Tirunelveli,EEE,EE,60,No,Yes,Yes,OC/BC/MBC/SC/ST
2076,4971,St. Xavier Catholic College of Engineering,Tirunelveli,IT,IT,60,No,Yes,Yes,OC/BC/MBC/SC/ST
2077,4971,St. Xavier Catholic College of Engineering,Tirunelveli,MECH,ME,120,No,Yes,Yes,OC/BC/MBC/SC/ST
2078,4972,AMRITA College of Engineering and Technology,Virudhunagar,CIVIL,CE,60,No,Yes,Yes,OC/BC/MBC/SC/ST
2079,4972,AMRITA College of Engineering and Technology,Virudhunagar,CSE,CS,120,No,Yes,Yes,OC/BC/MBC/SC/ST
2080,4972,AMRITA College of Engineering and Technology,Virudhunagar,EEE,EE,60,No,Yes,Yes,OC/BC/MBC/SC/ST
2081,4972,AMRITA College of Engineering and Technology,Virudhunagar,ECE,EC,120,No,Yes,Yes,OC/BC/MBC/SC/ST
2082,4972,AMRITA College of Engineering and Technology,Virudhunagar,MECH,ME,60,No,Yes,Yes,OC/BC/MBC/SC/ST
2083,4974,Government College of Engineering,Kanyakumari,CIVIL,CE,60,No,Yes,Yes,OC/BC/MBC/SC/ST
2084,4974,Government College of Engineering,Kanyakumari,MECH,ME,120,No,Yes,Yes,OC/BC/MBC/SC/ST
2085,4974,Government College of Engineering,Kanyakumari,EEE,EE,60,No,Yes,Yes,OC/BC/MBC/SC/ST
2086,4974,Government College of Engineering,Kanyakumari,ECE,EC,120,No,Yes,Yes,OC/BC/MBC/SC/ST
2087,4974,Government College of Engineering,Kanyakumari,CSE,CS,60,No,Yes,Yes,OC/BC/MBC/SC/ST
2088,4975,Dr. G U Pope College of Engineering,Kanyakumari,CSE,CS,60,No,Yes,Yes,OC/BC/MBC/SC/ST
2089,4975,Dr. G U Pope College of Engineering,Kanyakumari,ECE,EC,60,No,Yes,Yes,OC/BC/MBC/SC/ST
2090,4975,Dr. G U Pope College of Engineering,Kanyakumari,EEE,EE,40,No,Yes,Yes,OC/BC/MBC/SC/ST
2091,4975,Dr. G U Pope College of Engineering,Kanyakumari,CIVIL,CE,60,No,Yes,Yes,OC/BC/MBC/SC/ST
2092,4975,Dr. G U Pope College of Engineering,Kanyakumari,MECH,ME,60,No,Yes,Yes,OC/BC/MBC/SC/ST
2093,4976,Infant Jesus College of Engineering,Tirunelveli,AERO,AE,60,No,Yes,Yes,OC/BC/MBC/SC/ST
2094,4976,Infant Jesus College of Engineering,Tirunelveli,AGRI,AG,60,No,Yes,Yes,OC/BC/MBC/SC/ST
2095,4976,Infant Jesus College of Engineering,Tirunelveli,CSE,CS,60,No,Yes,Yes,OC/BC/MBC/SC/ST
2096,4976,Infant Jesus College of Engineering,Tirunelveli,ECE,EC,60,No,Yes,Yes,OC/BC/MBC/SC/ST
2097,4976,Infant Jesus College of Engineering,Tirunelveli,MECH,ME,60,No,Yes,Yes,OC/BC/MBC/SC/ST
2098,4977,Narayanaguru College of Engineering,Thoothukudi,AUTO,AU,54,No,Yes,Yes,OC/BC/MBC/SC/ST
2099,4977,Narayanaguru College of Engineering,Thoothukudi,CIVIL,CE,60,No,Yes,Yes,OC/BC/MBC/SC/ST
2100,4977,Narayanaguru College of Engineering,Thoothukudi,ECE,EC,60,No,Yes,Yes,OC/BC/MBC/SC/ST
2101,4977,Narayanaguru College of Engineering,Thoothukudi,EEE,EE,54,No,Yes,Yes,OC/BC/MBC/SC/ST
2102,4977,Narayanaguru College of Engineering,Thoothukudi,CSE,CS,60,No,Yes,Yes,OC/BC/MBC/SC/ST
2103,4977,Narayanaguru College of Engineering,Thoothukudi,MECH,ME,60,No,Yes,Yes,OC/BC/MBC/SC/ST
2104,4978,Udaya School of Engineering,Thoothukudi,AERO,AE,60,No,Yes,Yes,OC/BC/MBC/SC/ST
2105,4978,Udaya School of Engineering,Thoothukudi,ECE,EC,60,No,Yes,Yes,OC/BC/MBC/SC/ST
2106,4978,Udaya School of Engineering,Thoothukudi,EEE,EE,60,No,Yes,Yes,OC/BC/MBC/SC/ST
2107,4978,Udaya School of Engineering,Thoothukudi,BIOMED,BM,60,No,Yes,Yes,OC/BC/MBC/SC/ST
2108,4978,Udaya School of Engineering,Thoothukudi,MECH,ME,180,No,Yes,Yes,OC/BC/MBC/SC/ST
2109,4978,Udaya School of Engineering,Thoothukudi,CSE,CS,60,No,Yes,Yes,OC/BC/MBC/SC/ST
2110,4978,Udaya School of Engineering,Thoothukudi,CIVIL,CE,120,No,Yes,Yes,OC/BC/MBC/SC/ST
2111,4978,Udaya School of Engineering,Thoothukudi,BIOTECH,BT,60,No,Yes,Yes,OC/BC/MBC/SC/ST
2112,4979,V P Muthaiah Pillai Meenakshi Ammal Engineering College for Women,Kanyakumari,CSE,CS,60,No,No,Yes,OC/BC/MBC/SC/ST
2113,4979,V P Muthaiah Pillai Meenakshi Ammal Engineering College for Women,Kanyakumari,IT,IT,60,No,No,Yes,OC/BC/MBC/SC/ST
2114,4979,V P Muthaiah Pillai Meenakshi Ammal Engineering College for Women,Kanyakumari,ECE,EC,60,No,No,Yes,OC/BC/MBC/SC/ST
2115,4979,V P Muthaiah Pillai Meenakshi Ammal Engineering College for Women,Kanyakumari,EEE,EE,60,No,No,Yes,OC/BC/MBC/SC/ST
2116,4979,V P Muthaiah Pillai Meenakshi Ammal Engineering College for Women,Kanyakumari,CIVIL,CE,60,No,No,Yes,OC/BC/MBC/SC/ST
2117,4980,Einstein College of Engineering,Kanyakumari,CSE,CS,120,No,Yes,Yes,OC/BC/MBC/SC/ST
2118,4980,Einstein College of Engineering,Kanyakumari,CIVIL,CE,30,No,Yes,Yes,OC/BC/MBC/SC/ST
2119,4980,Einstein College of Engineering,Kanyakumari,EEE,EE,60,No,Yes,Yes,OC/BC/MBC/SC/ST
2120,4980,Einstein College of Engineering,Kanyakumari,ECE,EC,60,No,Yes,Yes,OC/BC/MBC/SC/ST
2121,4980,Einstein College of Engineering,Kanyakumari,MECH,ME,60,No,Yes,Yes,OC/BC/MBC/SC/ST
2122,4981,Ponjesly College of Engineering,Virudhunagar,ECE,EC,60,No,Yes,Yes,OC/BC/MBC/SC/ST
2123,4981,Ponjesly College of Engineering,Virudhunagar,CIVIL,CE,60,No,Yes,Yes,OC/BC/MBC/SC/ST
2124,4981,Ponjesly College of Engineering,Virudhunagar,EEE,EE,60,No,Yes,Yes,OC/BC/MBC/SC/ST
2125,4981,Ponjesly College of Engineering,Virudhunagar,IT,IT,60,No,Yes,Yes,OC/BC/MBC/SC/ST
2126,4981,Ponjesly College of Engineering,Virudhunagar,MECH,ME,60,No,Yes,Yes,OC/BC/MBC/SC/ST
2127,4981,Ponjesly College of Engineering,Virudhunagar,CSE,CS,120,No,Yes,Yes,OC/BC/MBC/SC/ST
2128,4982,Vins Christian College of Engineering,Tirunelveli,CIVIL,CE,60,No,Yes,Yes,OC/BC/MBC/SC/ST
2129,4982,Vins Christian College of Engineering,Tirunelveli,CSE,CS,60,No,Yes,Yes,OC/BC/MBC/SC/ST
2130,4982,Vins Christian College of Engineering,Tirunelveli,ECE,EC,60,No,Yes,Yes,OC/BC/MBC/SC/ST
2131,4982,Vins Christian College of Engineering,Tirunelveli,EEE,EE,30,No,Yes,Yes,OC/BC/MBC/SC/ST
2132,4982,Vins Christian College of Engineering,Tirunelveli,MECH,ME,150,No,Yes,Yes,OC/BC/MBC/SC/ST
2133,4983,Lord Jegannath College of Engineering and Technology,Kanyakumari,AERO,AE,30,No,Yes,Yes,OC/BC/MBC/SC/ST
2134,4983,Lord Jegannath College of Engineering and Technology,Kanyakumari,CSE,CS,30,No,Yes,Yes,OC/BC/MBC/SC/ST
2135,4983,Lord Jegannath College of Engineering and Technology,Kanyakumari,ECE,EC,30,No,Yes,Yes,OC/BC/MBC/SC/ST
2136,4983,Lord Jegannath College of Engineering and Technology,Kanyakumari,MECH,ME,60,No,Yes,Yes,OC/BC/MBC/SC/ST
2137,4983,Lord Jegannath College of Engineering and Technology,Kanyakumari,CIVIL,CE,30,No,Yes,Yes,OC/BC/MBC/SC/ST
2138,4983,Lord Jegannath College of Engineering and Technology,Kanyakumari,RUBBER,RM,30,No,Yes,Yes,OC/BC/MBC/SC/ST
2139,4983,Lord Jegannath College of Engineering and Technology,Kanyakumari,EEE,EE,30,No,Yes,Yes,OC/BC/MBC/SC/ST
2140,4984,Marthandam College of Engineering & Technology,Kanyakumari,CIVIL,CE,60,No,Yes,Yes,OC/BC/MBC/SC/ST
2141,4984,Marthandam College of Engineering & Technology,Kanyakumari,CSE,CS,60,No,Yes,Yes,OC/BC/MBC/SC/ST
2142,4984,Marthandam College of Engineering & Technology,Kanyakumari,EEE,EE,60,No,Yes,Yes,OC/BC/MBC/SC/ST
2143,4984,Marthandam College of Engineering & Technology,Kanyakumari,ECE,EC,60,No,Yes,Yes,OC/BC/MBC/SC/ST
2144,4984,Marthandam College of Engineering & Technology,Kanyakumari,MECH,ME,90,No,Yes,Yes,OC/BC/MBC/SC/ST
2145,4984,Marthandam College of Engineering & Technology,Kanyakumari,IT,IT,30,No,Yes,Yes,OC/BC/MBC/SC/ST
2146,4992,Bethlahem Institute of Engineering,Kanyakumari,AUTO,AU,30,No,Yes,Yes,OC/BC/MBC/SC/ST
2147,4992,Bethlahem Institute of Engineering,Kanyakumari,CIVIL,CE,30,No,Yes,Yes,OC/BC/MBC/SC/ST
2148,4992,Bethlahem Institute of Engineering,Kanyakumari,CSE,CS,60,No,Yes,Yes,OC/BC/MBC/SC/ST
2149,4992,Bethlahem Institute of Engineering,Kanyakumari,ECE,EC,60,No,Yes,Yes,OC/BC/MBC/SC/ST
2150,4992,Bethlahem Institute of Engineering,Kanyakumari,EEE,EE,30,No,Yes,Yes,OC/BC/MBC/SC/ST
2151,4992,Bethlahem Institute of Engineering,Kanyakumari,IT,IT,30,No,Yes,Yes,OC/BC/MBC/SC/ST
2152,4992,Bethlahem Institute of Engineering,Kanyakumari,MECH,ME,60,No,Yes,Yes,OC/BC/MBC/SC/ST
2153,4993,Loyola Institute of Technology and Science,Tirunelveli,CIVIL,CE,60,No,Yes,Yes,OC/BC/MBC/SC/ST
2154,4993,Loyola Institute of Technology and Science,Tirunelveli,CSE,CS,60,No,Yes,Yes,OC/BC/MBC/SC/ST
2155,4993,Loyola Institute of Technology and Science,Tirunelveli,ECE,EC,60,No,Yes,Yes,OC/BC/MBC/SC/ST
2156,4993,Loyola Institute of Technology and Science,Tirunelveli,EEE,EE,60,No,Yes,Yes,OC/BC/MBC/SC/ST
2157,4993,Loyola Institute of Technology and Science,Tirunelveli,IT,IT,60,No,Yes,Yes,OC/BC/MBC/SC/ST
2158,4993,Loyola Institute of Technology and Science,Tirunelveli,MECH,ME,60,No,Yes,Yes,OC/BC/MBC/SC/ST
2159,4993,Loyola Institute of Technology and Science,Tirunelveli,BIOMED,BM,60,No,Yes,Yes,OC/BC/MBC/SC/ST
2160,4993,Loyola Institute of Technology and Science,Tirunelveli,RUBBER,RM,60,No,Yes,Yes,OC/BC/MBC/SC/ST
2161,4993,Loyola Institute of Technology and Science,Tirunelveli,AGRI,AG,60,No,Yes,Yes,OC/BC/MBC/SC/ST
2162,4996,Sri Vidhya College of Engineering and Technology,Tenkasi,CIVIL,CE,60,No,Yes,Yes,OC/BC/MBC/SC/ST
2163,4996,Sri Vidhya College of Engineering and Technology,Tenkasi,EEE,EE,60,No,Yes,Yes,OC/BC/MBC/SC/ST
2164,4996,Sri Vidhya College of Engineering and Technology,Tenkasi,ECE,EC,60,No,Yes,Yes,OC/BC/MBC/SC/ST
2165,4996,Sri Vidhya College of Engineering and Technology,Tenkasi,MECH,ME,120,No,Yes,Yes,OC/BC/MBC/SC/ST
2166,4996,Sri Vidhya College of Engineering and Technology,Tenkasi,CSE,CS,60,No,Yes,Yes,OC/BC/MBC/SC/ST
2167,4998,Mahakavi Bharathiyar College of Engineering and Technology,Virudhunagar,CIVIL,CE,45,No,Yes,Yes,OC/BC/MBC/SC/ST
2168,4998,Mahakavi Bharathiyar College of Engineering and Technology,Virudhunagar,CSE,CS,30,No,Yes,Yes,OC/BC/MBC/SC/ST
2169,4998,Mahakavi Bharathiyar College of Engineering and Technology,Virudhunagar,ECE,EC,30,No,Yes,Yes,OC/BC/MBC/SC/ST
2170,4998,Mahakavi Bharathiyar College of Engineering and Technology,Virudhunagar,EEE,EE,30,No,Yes,Yes,OC/BC/MBC/SC/ST
2171,4998,Mahakavi Bharathiyar College of Engineering and Technology,Virudhunagar,MECH,ME,45,No,Yes,Yes,OC/BC/MBC/SC/ST
2172,4999,Annai Vailankanni College of Engineering,Virudhunagar,ECE,EC,60,No,Yes,Yes,OC/BC/MBC/SC/ST
2173,4999,Annai Vailankanni College of Engineering,Virudhunagar,CSE,CS,60,No,Yes,Yes,OC/BC/MBC/SC/ST
2174,4999,Annai Vailankanni College of Engineering,Virudhunagar,CIVIL,CE,60,No,Yes,Yes,OC/BC/MBC/SC/ST
2175,4999,Annai Vailankanni College of Engineering,Virudhunagar,MECH,ME,60,No,Yes,Yes,OC/BC/MBC/SC/ST
2176,4999,Annai Vailankanni College of Engineering,Virudhunagar,AI&DS,AD,60,No,Yes,Yes,OC/BC/MBC/SC/ST
2177,5008,Thiagarajar College of Engineering (Autonomous),Tenkasi,BR,BR,80,No,Yes,Yes,OC/BC/MBC/SC/ST
2178,5008,Thiagarajar College of Engineering (Autonomous),Tenkasi,CIVIL,CE,40,No,Yes,Yes,OC/BC/MBC/SC/ST
2179,5008,Thiagarajar College of Engineering (Autonomous),Tenkasi,CHEM,CM,70,No,Yes,Yes,OC/BC/MBC/SC/ST
2180,5008,Thiagarajar College of Engineering (Autonomous),Tenkasi,CN,CN,80,No,Yes,Yes,OC/BC/MBC/SC/ST
2181,5008,Thiagarajar College of Engineering (Autonomous),Tenkasi,CSE,CS,50,No,Yes,Yes,OC/BC/MBC/SC/ST
2182,5008,Thiagarajar College of Engineering (Autonomous),Tenkasi,ECE,EC,50,No,Yes,Yes,OC/BC/MBC/SC/ST
2183,5008,Thiagarajar College of Engineering (Autonomous),Tenkasi,EEE,EE,50,No,Yes,Yes,OC/BC/MBC/SC/ST
2184,5008,Thiagarajar College of Engineering (Autonomous),Tenkasi,ENGINEERING,EM,70,No,Yes,Yes,OC/BC/MBC/SC/ST
2185,5008,Thiagarajar College of Engineering (Autonomous),Tenkasi,EY,EY,70,No,Yes,Yes,OC/BC/MBC/SC/ST
2186,5008,Thiagarajar College of Engineering (Autonomous),Tenkasi,INDUSTRIAL,IM,120,No,Yes,Yes,OC/BC/MBC/SC/ST
2187,5008,Thiagarajar College of Engineering (Autonomous),Tenkasi,MECH,ME,50,No,Yes,Yes,OC/BC/MBC/SC/ST
2188,5008,Thiagarajar College of Engineering (Autonomous),Tenkasi,MF,MF,70,No,Yes,Yes,OC/BC/MBC/SC/ST
2189,5008,Thiagarajar College of Engineering (Autonomous),Tenkasi,MG,MG,60,No,Yes,Yes,OC/BC/MBC/SC/ST
2190,5008,Thiagarajar College of Engineering (Autonomous),Tenkasi,CW,CW,60,No,Yes,Yes,OC/BC/MBC/SC/ST
2191,5009,Government College of Engineering,Kanyakumari,CIVIL,CE,60,No,Yes,No,OC/BC/MBC/SC/ST
2192,5009,Government College of Engineering,Kanyakumari,CSE,CS,60,No,Yes,No,OC/BC/MBC/SC/ST
2193,5009,Government College of Engineering,Kanyakumari,ECE,EC,60,No,Yes,No,OC/BC/MBC/SC/ST
2194,5009,Government College of Engineering,Kanyakumari,EEE,EE,60,No,Yes,No,OC/BC/MBC/SC/ST
2195,5009,Government College of Engineering,Kanyakumari,MECH,ME,60,No,Yes,No,OC/BC/MBC/SC/ST
2196,5010,Anna University Regional Campus - Madurai,Madurai,CIVIL,CE,60,Yes,Yes,Yes,OC/BC/MBC/SC/ST
2197,5010,Anna University Regional Campus - Madurai,Madurai,CSE,CS,60,Yes,Yes,Yes,OC/BC/MBC/SC/ST
2198,5010,Anna University Regional Campus - Madurai,Madurai,MECH,ME,60,Yes,Yes,Yes,OC/BC/MBC/SC/ST
2199,5010,Anna University Regional Campus - Madurai,Madurai,ECE,EC,60,Yes,Yes,Yes,OC/BC/MBC/SC/ST
2200,5012,Central Electrochemical Research Institute CECRI),Theni,CC,CC,40,No,Yes,No,OC/BC/MBC/SC/ST
2201,5017,University College of Engineering,Madurai,CIVIL,CE,60,No,Yes,No,OC/BC/MBC/SC/ST
2202,5017,University College of Engineering,Madurai,CSE,CS,60,No,Yes,No,OC/BC/MBC/SC/ST
2203,5017,University College of Engineering,Madurai,ECE,EC,60,No,Yes,No,OC/BC/MBC/SC/ST
2204,5017,University College of Engineering,Madurai,EEE,EE,60,No,Yes,No,OC/BC/MBC/SC/ST
2205,5017,University College of Engineering,Madurai,MECH,ME,60,No,Yes,No,OC/BC/MBC/SC/ST
2206,5017,University College of Engineering,Madurai,CS(DIPLOMA),XC,60,No,Yes,No,OC/BC/MBC/SC/ST
2207,5017,University College of Engineering,Madurai,ME(DIPLOMA),XM,60,No,Yes,No,OC/BC/MBC/SC/ST
2208,5022,University College of Engineering,Sivaganga,CIVIL,CE,60,No,Yes,No,OC/BC/MBC/SC/ST
2209,5022,University College of Engineering,Sivaganga,CSE,CS,60,No,Yes,No,OC/BC/MBC/SC/ST
2210,5022,University College of Engineering,Sivaganga,ECE,EC,60,No,Yes,No,OC/BC/MBC/SC/ST
2211,5022,University College of Engineering,Sivaganga,EEE,EE,60,No,Yes,No,OC/BC/MBC/SC/ST
2212,5022,University College of Engineering,Sivaganga,MECH,ME,60,No,Yes,No,OC/BC/MBC/SC/ST
2213,5022,University College of Engineering,Sivaganga,CS(DIPLOMA),XC,60,No,Yes,No,OC/BC/MBC/SC/ST
2214,5022,University College of Engineering,Sivaganga,ME(DIPLOMA),XM,60,No,Yes,No,OC/BC/MBC/SC/ST
2215,5502,Sree Raaja Raajan College of Engineering & Technology,Ramanathapuram,CSE,CS,60,No,Yes,Yes,OC/BC/MBC/SC/ST
2216,5502,Sree Raaja Raajan College of Engineering & Technology,Ramanathapuram,CIVIL,CE,60,No,Yes,Yes,OC/BC/MBC/SC/ST
2217,5502,Sree Raaja Raajan College of Engineering & Technology,Ramanathapuram,EEE,EE,60,No,Yes,Yes,OC/BC/MBC/SC/ST
2218,5502,Sree Raaja Raajan College of Engineering & Technology,Ramanathapuram,ECE,EC,60,No,Yes,Yes,OC/BC/MBC/SC/ST
2219,5502,Sree Raaja Raajan College of Engineering & Technology,Ramanathapuram,MECH,ME,60,No,Yes,Yes,OC/BC/MBC/SC/ST
2220,5530,SSM Institute of Engineering and Technology,Dindigul,AUTO,AU,30,No,Yes,Yes,OC/BC/MBC/SC/ST
2221,5530,SSM Institute of Engineering and Technology,Dindigul,CIVIL,CE,30,No,Yes,Yes,OC/BC/MBC/SC/ST
2222,5530,SSM Institute of Engineering and Technology,Dindigul,CSE,CS,60,No,Yes,Yes,OC/BC/MBC/SC/ST
2223,5530,SSM Institute of Engineering and Technology,Dindigul,ECE,EC,120,No,Yes,Yes,OC/BC/MBC/SC/ST
2224,5530,SSM Institute of Engineering and Technology,Dindigul,EEE,EE,60,No,Yes,Yes,OC/BC/MBC/SC/ST
2225,5530,SSM Institute of Engineering and Technology,Dindigul,MECH,ME,60,No,Yes,Yes,OC/BC/MBC/SC/ST
2226,5532,Vaigai College of Engineering,Sivaganga,CIVIL,CE,60,No,Yes,Yes,OC/BC/MBC/SC/ST
2227,5532,Vaigai College of Engineering,Sivaganga,CSE,CS,60,No,Yes,Yes,OC/BC/MBC/SC/ST
2228,5532,Vaigai College of Engineering,Sivaganga,ECE,EC,60,No,Yes,Yes,OC/BC/MBC/SC/ST
2229,5532,Vaigai College of Engineering,Sivaganga,EEE,EE,60,No,Yes,Yes,OC/BC/MBC/SC/ST
2230,5532,Vaigai College of Engineering,Sivaganga,MECH,ME,60,No,Yes,Yes,OC/BC/MBC/SC/ST
2231,5533,Karaikudi Institute of Technology,Dindigul,CIVIL,CE,60,No,Yes,Yes,OC/BC/MBC/SC/ST
2232,5533,Karaikudi Institute of Technology,Dindigul,CSE,CS,60,No,Yes,Yes,OC/BC/MBC/SC/ST
2233,5533,Karaikudi Institute of Technology,Dindigul,EEE,EE,30,No,Yes,Yes,OC/BC/MBC/SC/ST
2234,5533,Karaikudi Institute of Technology,Dindigul,ECE,EC,30,No,Yes,Yes,OC/BC/MBC/SC/ST
2235,5533,Karaikudi Institute of Technology,Dindigul,MECH,ME,60,No,Yes,Yes,OC/BC/MBC/SC/ST
2236,5536,Mangayarkarasi College of Engineering,Madurai,AGRI,AG,60,No,Yes,Yes,OC/BC/MBC/SC/ST
2237,5536,Mangayarkarasi College of Engineering,Madurai,CSE,CS,60,No,Yes,Yes,OC/BC/MBC/SC/ST
2238,5536,Mangayarkarasi College of Engineering,Madurai,EEE,EE,60,No,Yes,Yes,OC/BC/MBC/SC/ST
2239,5536,Mangayarkarasi College of Engineering,Madurai,ECE,EC,60,No,Yes,Yes,OC/BC/MBC/SC/ST
2240,5536,Mangayarkarasi College of Engineering,Madurai,MECH,ME,60,No,Yes,Yes,OC/BC/MBC/SC/ST
2241,5537,Jainee College of Engineering and Technology,Sivaganga,CIVIL,CE,60,No,Yes,Yes,OC/BC/MBC/SC/ST
2242,5537,Jainee College of Engineering and Technology,Sivaganga,CSE,CS,45,No,Yes,Yes,OC/BC/MBC/SC/ST
2243,5537,Jainee College of Engineering and Technology,Sivaganga,ECE,EC,45,No,Yes,Yes,OC/BC/MBC/SC/ST
2244,5537,Jainee College of Engineering and Technology,Sivaganga,EEE,EE,45,No,Yes,Yes,OC/BC/MBC/SC/ST
2245,5537,Jainee College of Engineering and Technology,Sivaganga,MECH,ME,60,No,Yes,Yes,OC/BC/MBC/SC/ST
2246,5703,Christian College of Engineering and Technology,Dindigul,CIVIL,CE,60,No,Yes,Yes,OC/BC/MBC/SC/ST
2247,5703,Christian College of Engineering and Technology,Dindigul,CSE,CS,60,No,Yes,Yes,OC/BC/MBC/SC/ST
2248,5703,Christian College of Engineering and Technology,Dindigul,ECE,EC,60,No,Yes,Yes,OC/BC/MBC/SC/ST
2249,5703,Christian College of Engineering and Technology,Dindigul,EEE,EE,60,No,Yes,Yes,OC/BC/MBC/SC/ST
2250,5703,Christian College of Engineering and Technology,Dindigul,IT,IT,30,No,Yes,Yes,OC/BC/MBC/SC/ST
2251,5703,Christian College of Engineering and Technology,Dindigul,MECH,ME,120,No,Yes,Yes,OC/BC/MBC/SC/ST
2252,5720,Sri Subramanya College of Engineering and Technology,Dindigul,CIVIL,CE,60,No,Yes,Yes,OC/BC/MBC/SC/ST
2253,5720,Sri Subramanya College of Engineering and Technology,Dindigul,EEE,EE,60,No,Yes,Yes,OC/BC/MBC/SC/ST
2254,5720,Sri Subramanya College of Engineering and Technology,Dindigul,ECE,EC,60,No,Yes,Yes,OC/BC/MBC/SC/ST
2255,5720,Sri Subramanya College of Engineering and Technology,Dindigul,CSE,CS,60,No,Yes,Yes,OC/BC/MBC/SC/ST
2256,5720,Sri Subramanya College of Engineering and Technology,Dindigul,MECH,ME,60,No,Yes,Yes,OC/BC/MBC/SC/ST
2257,5865,Nadar Saraswathi College of Engineering and Technology,Dindigul,CIVIL,CE,60,No,Yes,Yes,OC/BC/MBC/SC/ST
2258,5865,Nadar Saraswathi College of Engineering and Technology,Dindigul,CSE,CS,60,No,Yes,Yes,OC/BC/MBC/SC/ST
2259,5865,Nadar Saraswathi College of Engineering and Technology,Dindigul,ECE,EC,60,No,Yes,Yes,OC/BC/MBC/SC/ST
2260,5865,Nadar Saraswathi College of Engineering and Technology,Dindigul,EEE,EE,60,No,Yes,Yes,OC/BC/MBC/SC/ST
2261,5865,Nadar Saraswathi College of Engineering and Technology,Dindigul,MECH,ME,120,No,Yes,Yes,OC/BC/MBC/SC/ST
2262,5901,Alagappa Chettiar Government College of Engineering and Technology (Autonomous),Dindigul,CIVIL,CE,60,No,Yes,Yes,OC/BC/MBC/SC/ST
2263,5901,Alagappa Chettiar Government College of Engineering and Technology (Autonomous),Dindigul,CSE,CS,60,No,Yes,Yes,OC/BC/MBC/SC/ST
2264,5901,Alagappa Chettiar Government College of Engineering and Technology (Autonomous),Dindigul,MECH,ME,120,No,Yes,Yes,OC/BC/MBC/SC/ST
2265,5901,Alagappa Chettiar Government College of Engineering and Technology (Autonomous),Dindigul,EEE,EE,120,No,Yes,Yes,OC/BC/MBC/SC/ST
2266,5901,Alagappa Chettiar Government College of Engineering and Technology (Autonomous),Dindigul,ECE,EC,60,No,Yes,Yes,OC/BC/MBC/SC/ST
2267,5902,Bharath Niketan Engineering College,Theni,CIVIL,CE,60,No,Yes,Yes,OC/BC/MBC/SC/ST
2268,5902,Bharath Niketan Engineering College,Theni,CSE,CS,60,No,Yes,Yes,OC/BC/MBC/SC/ST
2269,5902,Bharath Niketan Engineering College,Theni,ECE,EC,60,No,Yes,Yes,OC/BC/MBC/SC/ST
2270,5902,Bharath Niketan Engineering College,Theni,EEE,EE,60,No,Yes,Yes,OC/BC/MBC/SC/ST
2271,5902,Bharath Niketan Engineering College,Theni,MECH,ME,120,No,Yes,Yes,OC/BC/MBC/SC/ST
2272,5902,Bharath Niketan Engineering College,Theni,IT,IT,30,No,Yes,Yes,OC/BC/MBC/SC/ST
2273,5907,Mohamed Sathak Engineering College,Theni,AERO,AE,60,No,Yes,Yes,OC/BC/MBC/SC/ST
2274,5907,Mohamed Sathak Engineering College,Theni,CIVIL,CE,60,No,Yes,Yes,OC/BC/MBC/SC/ST
2275,5907,Mohamed Sathak Engineering College,Theni,CSE,CS,60,No,Yes,Yes,OC/BC/MBC/SC/ST
2276,5907,Mohamed Sathak Engineering College,Theni,CHEM,CH,45,No,Yes,Yes,OC/BC/MBC/SC/ST
2277,5907,Mohamed Sathak Engineering College,Theni,ECE,EC,60,No,Yes,Yes,OC/BC/MBC/SC/ST
2278,5907,Mohamed Sathak Engineering College,Theni,EEE,EE,60,No,Yes,Yes,OC/BC/MBC/SC/ST
2279,5907,Mohamed Sathak Engineering College,Theni,IT,IT,60,No,Yes,Yes,OC/BC/MBC/SC/ST
2280,5907,Mohamed Sathak Engineering College,Theni,MECH,ME,120,No,Yes,Yes,OC/BC/MBC/SC/ST
2281,5907,Mohamed Sathak Engineering College,Theni,MR,MR,30,No,Yes,Yes,OC/BC/MBC/SC/ST
2282,5907,Mohamed Sathak Engineering College,Theni,ARCH,AR,40,No,Yes,Yes,OC/BC/MBC/SC/ST
2283,5912,Pandian Saraswathi Yadav Engineering College,Dindigul,CIVIL,CE,60,No,Yes,Yes,OC/BC/MBC/SC/ST
2284,5912,Pandian Saraswathi Yadav Engineering College,Dindigul,CSE,CS,60,No,Yes,Yes,OC/BC/MBC/SC/ST
2285,5912,Pandian Saraswathi Yadav Engineering College,Dindigul,MECH,ME,60,No,Yes,Yes,OC/BC/MBC/SC/ST
2286,5912,Pandian Saraswathi Yadav Engineering College,Dindigul,ECE,EC,60,No,Yes,Yes,OC/BC/MBC/SC/ST
2287,5912,Pandian Saraswathi Yadav Engineering College,Dindigul,EEE,EE,60,No,Yes,Yes,OC/BC/MBC/SC/ST
2288,5913,R V S College of Engineering,Madurai,CIVIL,CE,60,No,Yes,Yes,OC/BC/MBC/SC/ST
2289,5913,R V S College of Engineering,Madurai,CSE,CS,60,No,Yes,Yes,OC/BC/MBC/SC/ST
2290,5913,R V S College of Engineering,Madurai,ECE,EC,60,No,Yes,Yes,OC/BC/MBC/SC/ST
2291,5913,R V S College of Engineering,Madurai,EEE,EE,60,No,Yes,Yes,OC/BC/MBC/SC/ST
2292,5913,R V S College of Engineering,Madurai,MECH,ME,90,No,Yes,Yes,OC/BC/MBC/SC/ST
2293,5913,R V S College of Engineering,Madurai,PD,PD,60,No,Yes,Yes,OC/BC/MBC/SC/ST
2294,5913,R V S College of Engineering,Madurai,TEXTILE,TX,30,No,Yes,Yes,OC/BC/MBC/SC/ST
2295,5913,R V S College of Engineering,Madurai,CIVIL,CE,60,No,Yes,Yes,OC/BC/MBC/SC/ST
2296,5914,SOLAMALAI COLLEGE OF ENGINEERIG,Sivaganga,CIVIL,CE,30,No,Yes,Yes,OC/BC/MBC/SC/ST
2297,5914,SOLAMALAI COLLEGE OF ENGINEERIG,Sivaganga,CSE,CS,60,No,Yes,Yes,OC/BC/MBC/SC/ST
2298,5914,SOLAMALAI COLLEGE OF ENGINEERIG,Sivaganga,ECE,EC,60,No,Yes,Yes,OC/BC/MBC/SC/ST
2299,5914,SOLAMALAI COLLEGE OF ENGINEERIG,Sivaganga,EEE,EE,30,No,Yes,Yes,OC/BC/MBC/SC/ST
2300,5914,SOLAMALAI COLLEGE OF ENGINEERIG,Sivaganga,MECH,ME,30,No,Yes,Yes,OC/BC/MBC/SC/ST
2301,5915,SACS-M A V M M Engineering College,Dindigul,CIVIL,CE,60,No,Yes,Yes,OC/BC/MBC/SC/ST
2302,5915,SACS-M A V M M Engineering College,Dindigul,CSE,CS,60,No,Yes,Yes,OC/BC/MBC/SC/ST
2303,5915,SACS-M A V M M Engineering College,Dindigul,ECE,EC,60,No,Yes,Yes,OC/BC/MBC/SC/ST
2304,5915,SACS-M A V M M Engineering College,Dindigul,EEE,EE,60,No,Yes,Yes,OC/BC/MBC/SC/ST
2305,5915,SACS-M A V M M Engineering College,Dindigul,MECH,ME,120,No,Yes,Yes,OC/BC/MBC/SC/ST
2306,5919,St. Michael College of Engineering and Technology,Madurai,CSE,CS,60,No,Yes,Yes,OC/BC/MBC/SC/ST
2307,5919,St. Michael College of Engineering and Technology,Madurai,EEE,EE,30,No,Yes,Yes,OC/BC/MBC/SC/ST
2308,5919,St. Michael College of Engineering and Technology,Madurai,ECE,EC,60,No,Yes,Yes,OC/BC/MBC/SC/ST
2309,5919,St. Michael College of Engineering and Technology,Madurai,MECH,ME,60,No,Yes,Yes,OC/BC/MBC/SC/ST
2310,5919,St. Michael College of Engineering and Technology,Madurai,BIOTECH,BT,60,No,Yes,Yes,OC/BC/MBC/SC/ST
2311,5919,St. Michael College of Engineering and Technology,Madurai,CHEM,CH,40,No,Yes,Yes,OC/BC/MBC/SC/ST
2312,5921,Syed Ammal Engineering College,Madurai,CIVIL,CE,60,No,Yes,Yes,OC/BC/MBC/SC/ST
2313,5921,Syed Ammal Engineering College,Madurai,CSE,CS,60,No,Yes,Yes,OC/BC/MBC/SC/ST
2314,5921,Syed Ammal Engineering College,Madurai,ECE,EC,60,No,Yes,Yes,OC/BC/MBC/SC/ST
2315,5921,Syed Ammal Engineering College,Madurai,EEE,EE,60,No,Yes,Yes,OC/BC/MBC/SC/ST
2316,5921,Syed Ammal Engineering College,Madurai,MECH,ME,60,No,Yes,Yes,OC/BC/MBC/SC/ST
2317,5921,Syed Ammal Engineering College,Madurai,AI&DS,AD,30,No,Yes,Yes,OC/BC/MBC/SC/ST
2318,5921,Syed Ammal Engineering College,Madurai,CS&BUSINESS,CB,30,No,Yes,Yes,OC/BC/MBC/SC/ST
2319,5930,SBM College of Engineering and Technology,Ramanathapuram,CIVIL,CE,120,No,Yes,Yes,OC/BC/MBC/SC/ST
2320,5930,SBM College of Engineering and Technology,Ramanathapuram,CSE,CS,60,No,Yes,Yes,OC/BC/MBC/SC/ST
2321,5930,SBM College of Engineering and Technology,Ramanathapuram,EEE,EE,60,No,Yes,Yes,OC/BC/MBC/SC/ST
2322,5930,SBM College of Engineering and Technology,Ramanathapuram,ECE,EC,120,No,Yes,Yes,OC/BC/MBC/SC/ST
2323,5930,SBM College of Engineering and Technology,Ramanathapuram,MECH,ME,150,No,Yes,Yes,OC/BC/MBC/SC/ST
2324,5935,Fatima Michael College of Engineering & Technology,Pincode,CIVIL,CE,60,Hostel,Yes,Yes,OC/BC/MBC/SC/ST
2325,5935,Fatima Michael College of Engineering & Technology,Pincode,MECH,ME,60,Hostel,Yes,Yes,OC/BC/MBC/SC/ST
2326,5935,Fatima Michael College of Engineering & Technology,Pincode,AUTO,AU,30,Hostel,Yes,Yes,OC/BC/MBC/SC/ST
2327,5935,Fatima Michael College of Engineering & Technology,Pincode,ECE,EC,60,Hostel,Yes,Yes,OC/BC/MBC/SC/ST
2328,5935,Fatima Michael College of Engineering & Technology,Pincode,CSE,CS,60,Hostel,Yes,Yes,OC/BC/MBC/SC/ST
2329,5935,Fatima Michael College of Engineering & Technology,Pincode,EEE,EE,30,Hostel,Yes,Yes,OC/BC/MBC/SC/ST
2330,5942,Ultra College of Engineering and Technology,Dindigul,ECE,EC,34,No,Yes,Yes,OC/BC/MBC/SC/ST
2331,5942,Ultra College of Engineering and Technology,Dindigul,CSE,CS,34,No,Yes,Yes,OC/BC/MBC/SC/ST
2332,5942,Ultra College of Engineering and Technology,Dindigul,EEE,EE,30,No,Yes,Yes,OC/BC/MBC/SC/ST
2333,5942,Ultra College of Engineering and Technology,Dindigul,MECH,ME,30,No,Yes,Yes,OC/BC/MBC/SC/ST
2334,5942,Ultra College of Engineering and Technology,Dindigul,IT,IT,30,No,Yes,Yes,OC/BC/MBC/SC/ST
2335,5942,Ultra College of Engineering and Technology,Dindigul,CIVIL,CE,35,No,Yes,Yes,OC/BC/MBC/SC/ST
2336,5986,Velammal College of Engineering and Technology,Madurai,EEE,EE,60,No,Yes,Yes,OC/BC/MBC/SC/ST
2337,5986,Velammal College of Engineering and Technology,Madurai,CIVIL,CE,60,No,Yes,Yes,OC/BC/MBC/SC/ST
2338,5986,Velammal College of Engineering and Technology,Madurai,CSE,CS,120,No,Yes,Yes,OC/BC/MBC/SC/ST
2339,5986,Velammal College of Engineering and Technology,Madurai,ECE,EC,120,No,Yes,Yes,OC/BC/MBC/SC/ST
2340,5986,Velammal College of Engineering and Technology,Madurai,IT,IT,90,No,Yes,Yes,OC/BC/MBC/SC/ST
2341,5986,Velammal College of Engineering and Technology,Madurai,MECH,ME,60,No,Yes,Yes,OC/BC/MBC/SC/ST
2342,5988,Theni Kammavar Sangam College of Technology,Madurai,CIVIL,CE,60,No,Yes,Yes,OC/BC/MBC/SC/ST
2343,5988,Theni Kammavar Sangam College of Technology,Madurai,CSE,CS,60,No,Yes,Yes,OC/BC/MBC/SC/ST
2344,5988,Theni Kammavar Sangam College of Technology,Madurai,ECE,EC,60,No,Yes,Yes,OC/BC/MBC/SC/ST
2345,5988,Theni Kammavar Sangam College of Technology,Madurai,EEE,EE,60,No,Yes,Yes,OC/BC/MBC/SC/ST
2346,5988,Theni Kammavar Sangam College of Technology,Madurai,MECH,ME,90,No,Yes,Yes,OC/BC/MBC/SC/ST
2347,5990,Latha Mathavan Engineering College,Madurai,CIVIL,CE,90,Yes,Yes,Yes,OC/BC/MBC/SC/ST
2348,5990,Latha Mathavan Engineering College,Madurai,CSE,CS,90,Yes,Yes,Yes,OC/BC/MBC/SC/ST
2349,5990,Latha Mathavan Engineering College,Madurai,EEE,EE,45,Yes,Yes,Yes,OC/BC/MBC/SC/ST
2350,5990,Latha Mathavan Engineering College,Madurai,ECE,EC,90,Yes,Yes,Yes,OC/BC/MBC/SC/ST
2351,5990,Latha Mathavan Engineering College,Madurai,MECH,ME,135,Yes,Yes,Yes,OC/BC/MBC/SC/ST
